Analysis & Synthesis report for Processador
Mon Aug 31 19:39:51 2026
Quartus Prime Version 20.1.0 Build 711 06/05/2020 SJ Standard Edition


---------------------
; Table of Contents ;
---------------------
  1. Legal Notice
  2. Analysis & Synthesis Summary
  3. Analysis & Synthesis Settings
  4. Parallel Compilation
  5. Analysis & Synthesis Source Files Read
  6. Analysis & Synthesis Resource Usage Summary
  7. Analysis & Synthesis Resource Utilization by Entity
  8. Analysis & Synthesis RAM Summary
  9. Analysis & Synthesis DSP Block Usage Summary
 10. User-Specified and Inferred Latches
 11. Registers Removed During Synthesis
 12. Removed Registers Triggering Further Register Optimizations
 13. General Register Statistics
 14. Inverted Register Statistics
 15. Registers Added for RAM Pass-Through Logic
 16. Registers Packed Into Inferred Megafunctions
 17. Multiplexer Restructuring Statistics (Restructuring Performed)
 18. Source assignments for banco_de_registradores:A1|altsyncram:memoria_rtl_0|altsyncram_csg1:auto_generated
 19. Source assignments for banco_de_registradores:A1|altsyncram:memoria_rtl_1|altsyncram_csg1:auto_generated
 20. Source assignments for memoria_de_dados:C1|altsyncram:ram_rtl_0|altsyncram_a5h1:auto_generated
 21. Parameter Settings for User Entity Instance: memoria_de_instrucoes:B1
 22. Parameter Settings for User Entity Instance: memoria_de_dados:C1
 23. Parameter Settings for User Entity Instance: debounce:BTN1
 24. Parameter Settings for Inferred Entity Instance: banco_de_registradores:A1|altsyncram:memoria_rtl_0
 25. Parameter Settings for Inferred Entity Instance: banco_de_registradores:A1|altsyncram:memoria_rtl_1
 26. Parameter Settings for Inferred Entity Instance: memoria_de_dados:C1|altsyncram:ram_rtl_0
 27. Parameter Settings for Inferred Entity Instance: out:M1|lpm_divide:Mod1
 28. Parameter Settings for Inferred Entity Instance: out:M1|lpm_divide:Div0
 29. Parameter Settings for Inferred Entity Instance: out:M1|lpm_divide:Mod0
 30. Parameter Settings for Inferred Entity Instance: out:M1|lpm_divide:Mod2
 31. Parameter Settings for Inferred Entity Instance: out:M1|lpm_divide:Div1
 32. Parameter Settings for Inferred Entity Instance: out:M1|lpm_divide:Mod3
 33. Parameter Settings for Inferred Entity Instance: out:M1|lpm_divide:Div2
 34. Parameter Settings for Inferred Entity Instance: Ula:T2|lpm_mult:Mult0
 35. Parameter Settings for Inferred Entity Instance: Ula:T2|lpm_divide:Div0
 36. altsyncram Parameter Settings by Entity Instance
 37. lpm_mult Parameter Settings by Entity Instance
 38. Port Connectivity Checks: "out:M1"
 39. Port Connectivity Checks: "ula_pc:K1"
 40. Port Connectivity Checks: "PC:J1"
 41. Port Connectivity Checks: "multiplexador3:I1"
 42. Port Connectivity Checks: "unidade_de_controle:G1"
 43. Port Connectivity Checks: "memoria_de_dados:C1"
 44. Port Connectivity Checks: "banco_de_registradores:A1"
 45. Post-Synthesis Netlist Statistics for Top Partition
 46. Elapsed Time Per Partition
 47. Analysis & Synthesis Messages



----------------
; Legal Notice ;
----------------
Copyright (C) 2020  Intel Corporation. All rights reserved.
Your use of Intel Corporation's design tools, logic functions 
and other software and tools, and any partner logic 
functions, and any output files from any of the foregoing 
(including device programming or simulation files), and any 
associated documentation or information are expressly subject 
to the terms and conditions of the Intel Program License 
Subscription Agreement, the Intel Quartus Prime License Agreement,
the Intel FPGA IP License Agreement, or other applicable license
agreement, including, without limitation, that your use is for
the sole purpose of programming logic devices manufactured by
Intel and sold by Intel or its authorized distributors.  Please
refer to the applicable agreement for further details, at
https://fpgasoftware.intel.com/eula.



+--------------------------------------------------------------------------------------+
; Analysis & Synthesis Summary                                                         ;
+------------------------------------+-------------------------------------------------+
; Analysis & Synthesis Status        ; Successful - Mon Aug 31 19:39:51 2026           ;
; Quartus Prime Version              ; 20.1.0 Build 711 06/05/2020 SJ Standard Edition ;
; Revision Name                      ; Processador                                     ;
; Top-level Entity Name              ; Processador                                     ;
; Family                             ; Cyclone IV E                                    ;
; Total logic elements               ; 5,699                                           ;
;     Total combinational functions  ; 5,141                                           ;
;     Dedicated logic registers      ; 705                                             ;
; Total registers                    ; 705                                             ;
; Total pins                         ; 502                                             ;
; Total virtual pins                 ; 0                                               ;
; Total memory bits                  ; 33,760                                          ;
; Embedded Multiplier 9-bit elements ; 6                                               ;
; Total PLLs                         ; 0                                               ;
+------------------------------------+-------------------------------------------------+


+------------------------------------------------------------------------------------------------------------+
; Analysis & Synthesis Settings                                                                              ;
+------------------------------------------------------------------+--------------------+--------------------+
; Option                                                           ; Setting            ; Default Value      ;
+------------------------------------------------------------------+--------------------+--------------------+
; Device                                                           ; EP4CE115F29C7      ;                    ;
; Top-level entity name                                            ; Processador        ; Processador        ;
; Family name                                                      ; Cyclone IV E       ; Cyclone V          ;
; Use smart compilation                                            ; Off                ; Off                ;
; Enable parallel Assembler and Timing Analyzer during compilation ; On                 ; On                 ;
; Enable compact report table                                      ; Off                ; Off                ;
; Restructure Multiplexers                                         ; Auto               ; Auto               ;
; Create Debugging Nodes for IP Cores                              ; Off                ; Off                ;
; Preserve fewer node names                                        ; On                 ; On                 ;
; Intel FPGA IP Evaluation Mode                                    ; Enable             ; Enable             ;
; Verilog Version                                                  ; Verilog_2001       ; Verilog_2001       ;
; VHDL Version                                                     ; VHDL_1993          ; VHDL_1993          ;
; State Machine Processing                                         ; Auto               ; Auto               ;
; Safe State Machine                                               ; Off                ; Off                ;
; Extract Verilog State Machines                                   ; On                 ; On                 ;
; Extract VHDL State Machines                                      ; On                 ; On                 ;
; Ignore Verilog initial constructs                                ; Off                ; Off                ;
; Iteration limit for constant Verilog loops                       ; 5000               ; 5000               ;
; Iteration limit for non-constant Verilog loops                   ; 250                ; 250                ;
; Add Pass-Through Logic to Inferred RAMs                          ; On                 ; On                 ;
; Infer RAMs from Raw Logic                                        ; On                 ; On                 ;
; Parallel Synthesis                                               ; On                 ; On                 ;
; DSP Block Balancing                                              ; Auto               ; Auto               ;
; NOT Gate Push-Back                                               ; On                 ; On                 ;
; Power-Up Don't Care                                              ; On                 ; On                 ;
; Remove Redundant Logic Cells                                     ; Off                ; Off                ;
; Remove Duplicate Registers                                       ; On                 ; On                 ;
; Ignore CARRY Buffers                                             ; Off                ; Off                ;
; Ignore CASCADE Buffers                                           ; Off                ; Off                ;
; Ignore GLOBAL Buffers                                            ; Off                ; Off                ;
; Ignore ROW GLOBAL Buffers                                        ; Off                ; Off                ;
; Ignore LCELL Buffers                                             ; Off                ; Off                ;
; Ignore SOFT Buffers                                              ; On                 ; On                 ;
; Limit AHDL Integers to 32 Bits                                   ; Off                ; Off                ;
; Optimization Technique                                           ; Balanced           ; Balanced           ;
; Carry Chain Length                                               ; 70                 ; 70                 ;
; Auto Carry Chains                                                ; On                 ; On                 ;
; Auto Open-Drain Pins                                             ; On                 ; On                 ;
; Perform WYSIWYG Primitive Resynthesis                            ; Off                ; Off                ;
; Auto ROM Replacement                                             ; On                 ; On                 ;
; Auto RAM Replacement                                             ; On                 ; On                 ;
; Auto DSP Block Replacement                                       ; On                 ; On                 ;
; Auto Shift Register Replacement                                  ; Auto               ; Auto               ;
; Allow Shift Register Merging across Hierarchies                  ; Auto               ; Auto               ;
; Auto Clock Enable Replacement                                    ; On                 ; On                 ;
; Strict RAM Replacement                                           ; Off                ; Off                ;
; Allow Synchronous Control Signals                                ; On                 ; On                 ;
; Force Use of Synchronous Clear Signals                           ; Off                ; Off                ;
; Auto RAM Block Balancing                                         ; On                 ; On                 ;
; Auto RAM to Logic Cell Conversion                                ; Off                ; Off                ;
; Auto Resource Sharing                                            ; Off                ; Off                ;
; Allow Any RAM Size For Recognition                               ; Off                ; Off                ;
; Allow Any ROM Size For Recognition                               ; Off                ; Off                ;
; Allow Any Shift Register Size For Recognition                    ; Off                ; Off                ;
; Use LogicLock Constraints during Resource Balancing              ; On                 ; On                 ;
; Ignore translate_off and synthesis_off directives                ; Off                ; Off                ;
; Timing-Driven Synthesis                                          ; On                 ; On                 ;
; Report Parameter Settings                                        ; On                 ; On                 ;
; Report Source Assignments                                        ; On                 ; On                 ;
; Report Connectivity Checks                                       ; On                 ; On                 ;
; Ignore Maximum Fan-Out Assignments                               ; Off                ; Off                ;
; Synchronization Register Chain Length                            ; 2                  ; 2                  ;
; Power Optimization During Synthesis                              ; Normal compilation ; Normal compilation ;
; HDL message level                                                ; Level2             ; Level2             ;
; Suppress Register Optimization Related Messages                  ; Off                ; Off                ;
; Number of Removed Registers Reported in Synthesis Report         ; 5000               ; 5000               ;
; Number of Swept Nodes Reported in Synthesis Report               ; 5000               ; 5000               ;
; Number of Inverted Registers Reported in Synthesis Report        ; 100                ; 100                ;
; Clock MUX Protection                                             ; On                 ; On                 ;
; Auto Gated Clock Conversion                                      ; Off                ; Off                ;
; Block Design Naming                                              ; Auto               ; Auto               ;
; SDC constraint protection                                        ; Off                ; Off                ;
; Synthesis Effort                                                 ; Auto               ; Auto               ;
; Shift Register Replacement - Allow Asynchronous Clear Signal     ; On                 ; On                 ;
; Pre-Mapping Resynthesis Optimization                             ; Off                ; Off                ;
; Analysis & Synthesis Message Level                               ; Medium             ; Medium             ;
; Disable Register Merging Across Hierarchies                      ; Auto               ; Auto               ;
; Resource Aware Inference For Block RAM                           ; On                 ; On                 ;
+------------------------------------------------------------------+--------------------+--------------------+


+------------------------------------------+
; Parallel Compilation                     ;
+----------------------------+-------------+
; Processors                 ; Number      ;
+----------------------------+-------------+
; Number detected on machine ; 4           ;
; Maximum allowed            ; 2           ;
;                            ;             ;
; Average used               ; 1.00        ;
; Maximum used               ; 2           ;
;                            ;             ;
; Usage by Processor         ; % Time Used ;
;     Processor 1            ; 100.0%      ;
;     Processor 2            ;   0.0%      ;
+----------------------------+-------------+


+-----------------------------------------------------------------------------------------------------------------------------------------------------------------------------------------------------------------------------------------------+
; Analysis & Synthesis Source Files Read                                                                                                                                                                                                        ;
+----------------------------------+-----------------+------------------------------+-------------------------------------------------------------------------------------------------------------------------------------------------+---------+
; File Name with User-Entered Path ; Used in Netlist ; File Type                    ; File Name with Absolute Path                                                                                                                    ; Library ;
+----------------------------------+-----------------+------------------------------+-------------------------------------------------------------------------------------------------------------------------------------------------+---------+
; single_port_rom_init.txt         ; yes             ; User File                    ; /home/andre/Documentos/Laboratorio_de_Compiladores/Compilador_C_Minus/Processador_ARM/Processador_Quase_gcd_restored/single_port_rom_init.txt   ;         ;
; unidade_de_controle.v            ; yes             ; User Verilog HDL File        ; /home/andre/Documentos/Laboratorio_de_Compiladores/Compilador_C_Minus/Processador_ARM/Processador_Quase_gcd_restored/unidade_de_controle.v      ;         ;
; banco_de_registradores.v         ; yes             ; User Verilog HDL File        ; /home/andre/Documentos/Laboratorio_de_Compiladores/Compilador_C_Minus/Processador_ARM/Processador_Quase_gcd_restored/banco_de_registradores.v   ;         ;
; Ula.v                            ; yes             ; User Verilog HDL File        ; /home/andre/Documentos/Laboratorio_de_Compiladores/Compilador_C_Minus/Processador_ARM/Processador_Quase_gcd_restored/Ula.v                      ;         ;
; Processador.v                    ; yes             ; User Verilog HDL File        ; /home/andre/Documentos/Laboratorio_de_Compiladores/Compilador_C_Minus/Processador_ARM/Processador_Quase_gcd_restored/Processador.v              ;         ;
; memoria_de_dados.v               ; yes             ; User Verilog HDL File        ; /home/andre/Documentos/Laboratorio_de_Compiladores/Compilador_C_Minus/Processador_ARM/Processador_Quase_gcd_restored/memoria_de_dados.v         ;         ;
; memoria_de_instrucoes.v          ; yes             ; User Verilog HDL File        ; /home/andre/Documentos/Laboratorio_de_Compiladores/Compilador_C_Minus/Processador_ARM/Processador_Quase_gcd_restored/memoria_de_instrucoes.v    ;         ;
; multiplexador1.v                 ; yes             ; User Verilog HDL File        ; /home/andre/Documentos/Laboratorio_de_Compiladores/Compilador_C_Minus/Processador_ARM/Processador_Quase_gcd_restored/multiplexador1.v           ;         ;
; extensor_bit.v                   ; yes             ; User Verilog HDL File        ; /home/andre/Documentos/Laboratorio_de_Compiladores/Compilador_C_Minus/Processador_ARM/Processador_Quase_gcd_restored/extensor_bit.v             ;         ;
; multiplexador2.v                 ; yes             ; User Verilog HDL File        ; /home/andre/Documentos/Laboratorio_de_Compiladores/Compilador_C_Minus/Processador_ARM/Processador_Quase_gcd_restored/multiplexador2.v           ;         ;
; PC.v                             ; yes             ; User Verilog HDL File        ; /home/andre/Documentos/Laboratorio_de_Compiladores/Compilador_C_Minus/Processador_ARM/Processador_Quase_gcd_restored/PC.v                       ;         ;
; ula_pc.v                         ; yes             ; User Verilog HDL File        ; /home/andre/Documentos/Laboratorio_de_Compiladores/Compilador_C_Minus/Processador_ARM/Processador_Quase_gcd_restored/ula_pc.v                   ;         ;
; logica_memoria_de_dados.v        ; yes             ; User Verilog HDL File        ; /home/andre/Documentos/Laboratorio_de_Compiladores/Compilador_C_Minus/Processador_ARM/Processador_Quase_gcd_restored/logica_memoria_de_dados.v  ;         ;
; multiplexador3.v                 ; yes             ; User Verilog HDL File        ; /home/andre/Documentos/Laboratorio_de_Compiladores/Compilador_C_Minus/Processador_ARM/Processador_Quase_gcd_restored/multiplexador3.v           ;         ;
; multiplexador_pc.v               ; yes             ; User Verilog HDL File        ; /home/andre/Documentos/Laboratorio_de_Compiladores/Compilador_C_Minus/Processador_ARM/Processador_Quase_gcd_restored/multiplexador_pc.v         ;         ;
; contato1.v                       ; yes             ; User Verilog HDL File        ; /home/andre/Documentos/Laboratorio_de_Compiladores/Compilador_C_Minus/Processador_ARM/Processador_Quase_gcd_restored/contato1.v                 ;         ;
; bcd.v                            ; yes             ; User Verilog HDL File        ; /home/andre/Documentos/Laboratorio_de_Compiladores/Compilador_C_Minus/Processador_ARM/Processador_Quase_gcd_restored/bcd.v                      ;         ;
; out.v                            ; yes             ; User Verilog HDL File        ; /home/andre/Documentos/Laboratorio_de_Compiladores/Compilador_C_Minus/Processador_ARM/Processador_Quase_gcd_restored/out.v                      ;         ;
; mult_in.v                        ; yes             ; User Verilog HDL File        ; /home/andre/Documentos/Laboratorio_de_Compiladores/Compilador_C_Minus/Processador_ARM/Processador_Quase_gcd_restored/mult_in.v                  ;         ;
; flags_reg.v                      ; yes             ; User Verilog HDL File        ; /home/andre/Documentos/Laboratorio_de_Compiladores/Compilador_C_Minus/Processador_ARM/Processador_Quase_gcd_restored/flags_reg.v                ;         ;
; debounce.v                       ; yes             ; User Verilog HDL File        ; /home/andre/Documentos/Laboratorio_de_Compiladores/Compilador_C_Minus/Processador_ARM/Processador_Quase_gcd_restored/debounce.v                 ;         ;
; altsyncram.tdf                   ; yes             ; Megafunction                 ; /home/andre/intelFPGA/20.1/quartus/libraries/megafunctions/altsyncram.tdf                                                                       ;         ;
; stratix_ram_block.inc            ; yes             ; Megafunction                 ; /home/andre/intelFPGA/20.1/quartus/libraries/megafunctions/stratix_ram_block.inc                                                                ;         ;
; lpm_mux.inc                      ; yes             ; Megafunction                 ; /home/andre/intelFPGA/20.1/quartus/libraries/megafunctions/lpm_mux.inc                                                                          ;         ;
; lpm_decode.inc                   ; yes             ; Megafunction                 ; /home/andre/intelFPGA/20.1/quartus/libraries/megafunctions/lpm_decode.inc                                                                       ;         ;
; aglobal201.inc                   ; yes             ; Megafunction                 ; /home/andre/intelFPGA/20.1/quartus/libraries/megafunctions/aglobal201.inc                                                                       ;         ;
; a_rdenreg.inc                    ; yes             ; Megafunction                 ; /home/andre/intelFPGA/20.1/quartus/libraries/megafunctions/a_rdenreg.inc                                                                        ;         ;
; altrom.inc                       ; yes             ; Megafunction                 ; /home/andre/intelFPGA/20.1/quartus/libraries/megafunctions/altrom.inc                                                                           ;         ;
; altram.inc                       ; yes             ; Megafunction                 ; /home/andre/intelFPGA/20.1/quartus/libraries/megafunctions/altram.inc                                                                           ;         ;
; altdpram.inc                     ; yes             ; Megafunction                 ; /home/andre/intelFPGA/20.1/quartus/libraries/megafunctions/altdpram.inc                                                                         ;         ;
; db/altsyncram_csg1.tdf           ; yes             ; Auto-Generated Megafunction  ; /home/andre/Documentos/Laboratorio_de_Compiladores/Compilador_C_Minus/Processador_ARM/Processador_Quase_gcd_restored/db/altsyncram_csg1.tdf     ;         ;
; db/altsyncram_a5h1.tdf           ; yes             ; Auto-Generated Megafunction  ; /home/andre/Documentos/Laboratorio_de_Compiladores/Compilador_C_Minus/Processador_ARM/Processador_Quase_gcd_restored/db/altsyncram_a5h1.tdf     ;         ;
; lpm_divide.tdf                   ; yes             ; Megafunction                 ; /home/andre/intelFPGA/20.1/quartus/libraries/megafunctions/lpm_divide.tdf                                                                       ;         ;
; abs_divider.inc                  ; yes             ; Megafunction                 ; /home/andre/intelFPGA/20.1/quartus/libraries/megafunctions/abs_divider.inc                                                                      ;         ;
; sign_div_unsign.inc              ; yes             ; Megafunction                 ; /home/andre/intelFPGA/20.1/quartus/libraries/megafunctions/sign_div_unsign.inc                                                                  ;         ;
; db/lpm_divide_6bm.tdf            ; yes             ; Auto-Generated Megafunction  ; /home/andre/Documentos/Laboratorio_de_Compiladores/Compilador_C_Minus/Processador_ARM/Processador_Quase_gcd_restored/db/lpm_divide_6bm.tdf      ;         ;
; db/sign_div_unsign_rlh.tdf       ; yes             ; Auto-Generated Megafunction  ; /home/andre/Documentos/Laboratorio_de_Compiladores/Compilador_C_Minus/Processador_ARM/Processador_Quase_gcd_restored/db/sign_div_unsign_rlh.tdf ;         ;
; db/alt_u_div_a7f.tdf             ; yes             ; Auto-Generated Megafunction  ; /home/andre/Documentos/Laboratorio_de_Compiladores/Compilador_C_Minus/Processador_ARM/Processador_Quase_gcd_restored/db/alt_u_div_a7f.tdf       ;         ;
; db/add_sub_7pc.tdf               ; yes             ; Auto-Generated Megafunction  ; /home/andre/Documentos/Laboratorio_de_Compiladores/Compilador_C_Minus/Processador_ARM/Processador_Quase_gcd_restored/db/add_sub_7pc.tdf         ;         ;
; db/add_sub_8pc.tdf               ; yes             ; Auto-Generated Megafunction  ; /home/andre/Documentos/Laboratorio_de_Compiladores/Compilador_C_Minus/Processador_ARM/Processador_Quase_gcd_restored/db/add_sub_8pc.tdf         ;         ;
; db/lpm_divide_ihm.tdf            ; yes             ; Auto-Generated Megafunction  ; /home/andre/Documentos/Laboratorio_de_Compiladores/Compilador_C_Minus/Processador_ARM/Processador_Quase_gcd_restored/db/lpm_divide_ihm.tdf      ;         ;
; db/sign_div_unsign_akh.tdf       ; yes             ; Auto-Generated Megafunction  ; /home/andre/Documentos/Laboratorio_de_Compiladores/Compilador_C_Minus/Processador_ARM/Processador_Quase_gcd_restored/db/sign_div_unsign_akh.tdf ;         ;
; db/alt_u_div_84f.tdf             ; yes             ; Auto-Generated Megafunction  ; /home/andre/Documentos/Laboratorio_de_Compiladores/Compilador_C_Minus/Processador_ARM/Processador_Quase_gcd_restored/db/alt_u_div_84f.tdf       ;         ;
; db/lpm_divide_3bm.tdf            ; yes             ; Auto-Generated Megafunction  ; /home/andre/Documentos/Laboratorio_de_Compiladores/Compilador_C_Minus/Processador_ARM/Processador_Quase_gcd_restored/db/lpm_divide_3bm.tdf      ;         ;
; db/sign_div_unsign_olh.tdf       ; yes             ; Auto-Generated Megafunction  ; /home/andre/Documentos/Laboratorio_de_Compiladores/Compilador_C_Minus/Processador_ARM/Processador_Quase_gcd_restored/db/sign_div_unsign_olh.tdf ;         ;
; db/alt_u_div_47f.tdf             ; yes             ; Auto-Generated Megafunction  ; /home/andre/Documentos/Laboratorio_de_Compiladores/Compilador_C_Minus/Processador_ARM/Processador_Quase_gcd_restored/db/alt_u_div_47f.tdf       ;         ;
; db/lpm_divide_gcm.tdf            ; yes             ; Auto-Generated Megafunction  ; /home/andre/Documentos/Laboratorio_de_Compiladores/Compilador_C_Minus/Processador_ARM/Processador_Quase_gcd_restored/db/lpm_divide_gcm.tdf      ;         ;
; db/sign_div_unsign_5nh.tdf       ; yes             ; Auto-Generated Megafunction  ; /home/andre/Documentos/Laboratorio_de_Compiladores/Compilador_C_Minus/Processador_ARM/Processador_Quase_gcd_restored/db/sign_div_unsign_5nh.tdf ;         ;
; db/alt_u_div_u9f.tdf             ; yes             ; Auto-Generated Megafunction  ; /home/andre/Documentos/Laboratorio_de_Compiladores/Compilador_C_Minus/Processador_ARM/Processador_Quase_gcd_restored/db/alt_u_div_u9f.tdf       ;         ;
; db/lpm_divide_vim.tdf            ; yes             ; Auto-Generated Megafunction  ; /home/andre/Documentos/Laboratorio_de_Compiladores/Compilador_C_Minus/Processador_ARM/Processador_Quase_gcd_restored/db/lpm_divide_vim.tdf      ;         ;
; db/sign_div_unsign_nlh.tdf       ; yes             ; Auto-Generated Megafunction  ; /home/andre/Documentos/Laboratorio_de_Compiladores/Compilador_C_Minus/Processador_ARM/Processador_Quase_gcd_restored/db/sign_div_unsign_nlh.tdf ;         ;
; db/alt_u_div_27f.tdf             ; yes             ; Auto-Generated Megafunction  ; /home/andre/Documentos/Laboratorio_de_Compiladores/Compilador_C_Minus/Processador_ARM/Processador_Quase_gcd_restored/db/alt_u_div_27f.tdf       ;         ;
; db/lpm_divide_kcm.tdf            ; yes             ; Auto-Generated Megafunction  ; /home/andre/Documentos/Laboratorio_de_Compiladores/Compilador_C_Minus/Processador_ARM/Processador_Quase_gcd_restored/db/lpm_divide_kcm.tdf      ;         ;
; db/sign_div_unsign_9nh.tdf       ; yes             ; Auto-Generated Megafunction  ; /home/andre/Documentos/Laboratorio_de_Compiladores/Compilador_C_Minus/Processador_ARM/Processador_Quase_gcd_restored/db/sign_div_unsign_9nh.tdf ;         ;
; db/alt_u_div_6af.tdf             ; yes             ; Auto-Generated Megafunction  ; /home/andre/Documentos/Laboratorio_de_Compiladores/Compilador_C_Minus/Processador_ARM/Processador_Quase_gcd_restored/db/alt_u_div_6af.tdf       ;         ;
; db/lpm_divide_dkm.tdf            ; yes             ; Auto-Generated Megafunction  ; /home/andre/Documentos/Laboratorio_de_Compiladores/Compilador_C_Minus/Processador_ARM/Processador_Quase_gcd_restored/db/lpm_divide_dkm.tdf      ;         ;
; db/sign_div_unsign_6nh.tdf       ; yes             ; Auto-Generated Megafunction  ; /home/andre/Documentos/Laboratorio_de_Compiladores/Compilador_C_Minus/Processador_ARM/Processador_Quase_gcd_restored/db/sign_div_unsign_6nh.tdf ;         ;
; db/alt_u_div_v9f.tdf             ; yes             ; Auto-Generated Megafunction  ; /home/andre/Documentos/Laboratorio_de_Compiladores/Compilador_C_Minus/Processador_ARM/Processador_Quase_gcd_restored/db/alt_u_div_v9f.tdf       ;         ;
; lpm_mult.tdf                     ; yes             ; Megafunction                 ; /home/andre/intelFPGA/20.1/quartus/libraries/megafunctions/lpm_mult.tdf                                                                         ;         ;
; lpm_add_sub.inc                  ; yes             ; Megafunction                 ; /home/andre/intelFPGA/20.1/quartus/libraries/megafunctions/lpm_add_sub.inc                                                                      ;         ;
; multcore.inc                     ; yes             ; Megafunction                 ; /home/andre/intelFPGA/20.1/quartus/libraries/megafunctions/multcore.inc                                                                         ;         ;
; bypassff.inc                     ; yes             ; Megafunction                 ; /home/andre/intelFPGA/20.1/quartus/libraries/megafunctions/bypassff.inc                                                                         ;         ;
; altshift.inc                     ; yes             ; Megafunction                 ; /home/andre/intelFPGA/20.1/quartus/libraries/megafunctions/altshift.inc                                                                         ;         ;
; db/mult_7dt.tdf                  ; yes             ; Auto-Generated Megafunction  ; /home/andre/Documentos/Laboratorio_de_Compiladores/Compilador_C_Minus/Processador_ARM/Processador_Quase_gcd_restored/db/mult_7dt.tdf            ;         ;
; db/lpm_divide_hkm.tdf            ; yes             ; Auto-Generated Megafunction  ; /home/andre/Documentos/Laboratorio_de_Compiladores/Compilador_C_Minus/Processador_ARM/Processador_Quase_gcd_restored/db/lpm_divide_hkm.tdf      ;         ;
; db/sign_div_unsign_anh.tdf       ; yes             ; Auto-Generated Megafunction  ; /home/andre/Documentos/Laboratorio_de_Compiladores/Compilador_C_Minus/Processador_ARM/Processador_Quase_gcd_restored/db/sign_div_unsign_anh.tdf ;         ;
; db/alt_u_div_7af.tdf             ; yes             ; Auto-Generated Megafunction  ; /home/andre/Documentos/Laboratorio_de_Compiladores/Compilador_C_Minus/Processador_ARM/Processador_Quase_gcd_restored/db/alt_u_div_7af.tdf       ;         ;
+----------------------------------+-----------------+------------------------------+-------------------------------------------------------------------------------------------------------------------------------------------------+---------+


+--------------------------------------------------------------------------+
; Analysis & Synthesis Resource Usage Summary                              ;
+---------------------------------------------+----------------------------+
; Resource                                    ; Usage                      ;
+---------------------------------------------+----------------------------+
; Estimated Total logic elements              ; 5,699                      ;
;                                             ;                            ;
; Total combinational functions               ; 5141                       ;
; Logic element usage by number of LUT inputs ;                            ;
;     -- 4 input functions                    ; 2036                       ;
;     -- 3 input functions                    ; 1609                       ;
;     -- <=2 input functions                  ; 1496                       ;
;                                             ;                            ;
; Logic elements by mode                      ;                            ;
;     -- normal mode                          ; 3775                       ;
;     -- arithmetic mode                      ; 1366                       ;
;                                             ;                            ;
; Total registers                             ; 705                        ;
;     -- Dedicated logic registers            ; 705                        ;
;     -- I/O registers                        ; 0                          ;
;                                             ;                            ;
; I/O pins                                    ; 502                        ;
; Total memory bits                           ; 33760                      ;
;                                             ;                            ;
; Embedded Multiplier 9-bit elements          ; 6                          ;
;                                             ;                            ;
; Maximum fan-out node                        ; contato1:comb_127|novo_clk ;
; Maximum fan-out                             ; 772                        ;
; Total fan-out                               ; 20077                      ;
; Average fan-out                             ; 2.89                       ;
+---------------------------------------------+----------------------------+


+-----------------------------------------------------------------------------------------------------------------------------------------------------------------------------------------------------------------------------------------------------------------------------------------------------------------------------------------------------------+
; Analysis & Synthesis Resource Utilization by Entity                                                                                                                                                                                                                                                                                                       ;
+-------------------------------------------+---------------------+---------------------------+-------------+--------------+---------+-----------+------+--------------+-------------------------------------------------------------------------------------------------------------------------------------------+-------------------------+--------------+
; Compilation Hierarchy Node                ; Combinational ALUTs ; Dedicated Logic Registers ; Memory Bits ; DSP Elements ; DSP 9x9 ; DSP 18x18 ; Pins ; Virtual Pins ; Full Hierarchy Name                                                                                                                       ; Entity Name             ; Library Name ;
+-------------------------------------------+---------------------+---------------------------+-------------+--------------+---------+-----------+------+--------------+-------------------------------------------------------------------------------------------------------------------------------------------+-------------------------+--------------+
; |Processador                              ; 5141 (19)           ; 705 (0)                   ; 33760       ; 6            ; 0       ; 3         ; 502  ; 0            ; |Processador                                                                                                                              ; Processador             ; work         ;
;    |PC:J1|                                ; 10 (10)             ; 10 (10)                   ; 0           ; 0            ; 0       ; 0         ; 0    ; 0            ; |Processador|PC:J1                                                                                                                        ; PC                      ; work         ;
;    |Ula:T2|                               ; 1379 (239)          ; 0 (0)                     ; 0           ; 6            ; 0       ; 3         ; 0    ; 0            ; |Processador|Ula:T2                                                                                                                       ; Ula                     ; work         ;
;       |lpm_divide:Div0|                   ; 1112 (0)            ; 0 (0)                     ; 0           ; 0            ; 0       ; 0         ; 0    ; 0            ; |Processador|Ula:T2|lpm_divide:Div0                                                                                                       ; lpm_divide              ; work         ;
;          |lpm_divide_hkm:auto_generated|  ; 1112 (0)            ; 0 (0)                     ; 0           ; 0            ; 0       ; 0         ; 0    ; 0            ; |Processador|Ula:T2|lpm_divide:Div0|lpm_divide_hkm:auto_generated                                                                         ; lpm_divide_hkm          ; work         ;
;             |sign_div_unsign_anh:divider| ; 1112 (0)            ; 0 (0)                     ; 0           ; 0            ; 0       ; 0         ; 0    ; 0            ; |Processador|Ula:T2|lpm_divide:Div0|lpm_divide_hkm:auto_generated|sign_div_unsign_anh:divider                                             ; sign_div_unsign_anh     ; work         ;
;                |alt_u_div_7af:divider|    ; 1112 (1111)         ; 0 (0)                     ; 0           ; 0            ; 0       ; 0         ; 0    ; 0            ; |Processador|Ula:T2|lpm_divide:Div0|lpm_divide_hkm:auto_generated|sign_div_unsign_anh:divider|alt_u_div_7af:divider                       ; alt_u_div_7af           ; work         ;
;                   |add_sub_8pc:add_sub_1| ; 1 (1)               ; 0 (0)                     ; 0           ; 0            ; 0       ; 0         ; 0    ; 0            ; |Processador|Ula:T2|lpm_divide:Div0|lpm_divide_hkm:auto_generated|sign_div_unsign_anh:divider|alt_u_div_7af:divider|add_sub_8pc:add_sub_1 ; add_sub_8pc             ; work         ;
;       |lpm_mult:Mult0|                    ; 28 (0)              ; 0 (0)                     ; 0           ; 6            ; 0       ; 3         ; 0    ; 0            ; |Processador|Ula:T2|lpm_mult:Mult0                                                                                                        ; lpm_mult                ; work         ;
;          |mult_7dt:auto_generated|        ; 28 (28)             ; 0 (0)                     ; 0           ; 6            ; 0       ; 3         ; 0    ; 0            ; |Processador|Ula:T2|lpm_mult:Mult0|mult_7dt:auto_generated                                                                                ; mult_7dt                ; work         ;
;    |banco_de_registradores:A1|            ; 465 (465)           ; 592 (592)                 ; 992         ; 0            ; 0       ; 0         ; 0    ; 0            ; |Processador|banco_de_registradores:A1                                                                                                    ; banco_de_registradores  ; work         ;
;       |altsyncram:memoria_rtl_0|          ; 0 (0)               ; 0 (0)                     ; 496         ; 0            ; 0       ; 0         ; 0    ; 0            ; |Processador|banco_de_registradores:A1|altsyncram:memoria_rtl_0                                                                           ; altsyncram              ; work         ;
;          |altsyncram_csg1:auto_generated| ; 0 (0)               ; 0 (0)                     ; 496         ; 0            ; 0       ; 0         ; 0    ; 0            ; |Processador|banco_de_registradores:A1|altsyncram:memoria_rtl_0|altsyncram_csg1:auto_generated                                            ; altsyncram_csg1         ; work         ;
;       |altsyncram:memoria_rtl_1|          ; 0 (0)               ; 0 (0)                     ; 496         ; 0            ; 0       ; 0         ; 0    ; 0            ; |Processador|banco_de_registradores:A1|altsyncram:memoria_rtl_1                                                                           ; altsyncram              ; work         ;
;          |altsyncram_csg1:auto_generated| ; 0 (0)               ; 0 (0)                     ; 496         ; 0            ; 0       ; 0         ; 0    ; 0            ; |Processador|banco_de_registradores:A1|altsyncram:memoria_rtl_1|altsyncram_csg1:auto_generated                                            ; altsyncram_csg1         ; work         ;
;    |bcd:chamada0|                         ; 7 (7)               ; 0 (0)                     ; 0           ; 0            ; 0       ; 0         ; 0    ; 0            ; |Processador|bcd:chamada0                                                                                                                 ; bcd                     ; work         ;
;    |bcd:chamada1|                         ; 7 (7)               ; 0 (0)                     ; 0           ; 0            ; 0       ; 0         ; 0    ; 0            ; |Processador|bcd:chamada1                                                                                                                 ; bcd                     ; work         ;
;    |bcd:chamada2|                         ; 7 (7)               ; 0 (0)                     ; 0           ; 0            ; 0       ; 0         ; 0    ; 0            ; |Processador|bcd:chamada2                                                                                                                 ; bcd                     ; work         ;
;    |bcd:chamada3|                         ; 7 (7)               ; 0 (0)                     ; 0           ; 0            ; 0       ; 0         ; 0    ; 0            ; |Processador|bcd:chamada3                                                                                                                 ; bcd                     ; work         ;
;    |contato1:comb_127|                    ; 48 (48)             ; 29 (29)                   ; 0           ; 0            ; 0       ; 0         ; 0    ; 0            ; |Processador|contato1:comb_127                                                                                                            ; contato1                ; work         ;
;    |extensor_bit:E1|                      ; 19 (19)             ; 0 (0)                     ; 0           ; 0            ; 0       ; 0         ; 0    ; 0            ; |Processador|extensor_bit:E1                                                                                                              ; extensor_bit            ; work         ;
;    |flags_reg:FLAGS1|                     ; 0 (0)               ; 2 (2)                     ; 0           ; 0            ; 0       ; 0         ; 0    ; 0            ; |Processador|flags_reg:FLAGS1                                                                                                             ; flags_reg               ; work         ;
;    |logica_memoria_de_dados:H1|           ; 64 (64)             ; 0 (0)                     ; 0           ; 0            ; 0       ; 0         ; 0    ; 0            ; |Processador|logica_memoria_de_dados:H1                                                                                                   ; logica_memoria_de_dados ; work         ;
;    |memoria_de_dados:C1|                  ; 0 (0)               ; 0 (0)                     ; 32768       ; 0            ; 0       ; 0         ; 0    ; 0            ; |Processador|memoria_de_dados:C1                                                                                                          ; memoria_de_dados        ; work         ;
;       |altsyncram:ram_rtl_0|              ; 0 (0)               ; 0 (0)                     ; 32768       ; 0            ; 0       ; 0         ; 0    ; 0            ; |Processador|memoria_de_dados:C1|altsyncram:ram_rtl_0                                                                                     ; altsyncram              ; work         ;
;          |altsyncram_a5h1:auto_generated| ; 0 (0)               ; 0 (0)                     ; 32768       ; 0            ; 0       ; 0         ; 0    ; 0            ; |Processador|memoria_de_dados:C1|altsyncram:ram_rtl_0|altsyncram_a5h1:auto_generated                                                      ; altsyncram_a5h1         ; work         ;
;    |memoria_de_instrucoes:B1|             ; 183 (183)           ; 27 (27)                   ; 0           ; 0            ; 0       ; 0         ; 0    ; 0            ; |Processador|memoria_de_instrucoes:B1                                                                                                     ; memoria_de_instrucoes   ; work         ;
;    |mult_in:N1|                           ; 64 (64)             ; 0 (0)                     ; 0           ; 0            ; 0       ; 0         ; 0    ; 0            ; |Processador|mult_in:N1                                                                                                                   ; mult_in                 ; work         ;
;    |multiplexador1:D1|                    ; 42 (42)             ; 0 (0)                     ; 0           ; 0            ; 0       ; 0         ; 0    ; 0            ; |Processador|multiplexador1:D1                                                                                                            ; multiplexador1          ; work         ;
;    |multiplexador3:I1|                    ; 5 (5)               ; 0 (0)                     ; 0           ; 0            ; 0       ; 0         ; 0    ; 0            ; |Processador|multiplexador3:I1                                                                                                            ; multiplexador3          ; work         ;
;    |multiplexador_pc:L1|                  ; 32 (32)             ; 0 (0)                     ; 0           ; 0            ; 0       ; 0         ; 0    ; 0            ; |Processador|multiplexador_pc:L1                                                                                                          ; multiplexador_pc        ; work         ;
;    |out:M1|                               ; 2718 (33)           ; 32 (32)                   ; 0           ; 0            ; 0       ; 0         ; 0    ; 0            ; |Processador|out:M1                                                                                                                       ; out                     ; work         ;
;       |lpm_divide:Div0|                   ; 46 (0)              ; 0 (0)                     ; 0           ; 0            ; 0       ; 0         ; 0    ; 0            ; |Processador|out:M1|lpm_divide:Div0                                                                                                       ; lpm_divide              ; work         ;
;          |lpm_divide_ihm:auto_generated|  ; 46 (0)              ; 0 (0)                     ; 0           ; 0            ; 0       ; 0         ; 0    ; 0            ; |Processador|out:M1|lpm_divide:Div0|lpm_divide_ihm:auto_generated                                                                         ; lpm_divide_ihm          ; work         ;
;             |sign_div_unsign_akh:divider| ; 46 (0)              ; 0 (0)                     ; 0           ; 0            ; 0       ; 0         ; 0    ; 0            ; |Processador|out:M1|lpm_divide:Div0|lpm_divide_ihm:auto_generated|sign_div_unsign_akh:divider                                             ; sign_div_unsign_akh     ; work         ;
;                |alt_u_div_84f:divider|    ; 46 (46)             ; 0 (0)                     ; 0           ; 0            ; 0       ; 0         ; 0    ; 0            ; |Processador|out:M1|lpm_divide:Div0|lpm_divide_ihm:auto_generated|sign_div_unsign_akh:divider|alt_u_div_84f:divider                       ; alt_u_div_84f           ; work         ;
;       |lpm_divide:Div1|                   ; 72 (0)              ; 0 (0)                     ; 0           ; 0            ; 0       ; 0         ; 0    ; 0            ; |Processador|out:M1|lpm_divide:Div1                                                                                                       ; lpm_divide              ; work         ;
;          |lpm_divide_vim:auto_generated|  ; 72 (0)              ; 0 (0)                     ; 0           ; 0            ; 0       ; 0         ; 0    ; 0            ; |Processador|out:M1|lpm_divide:Div1|lpm_divide_vim:auto_generated                                                                         ; lpm_divide_vim          ; work         ;
;             |sign_div_unsign_nlh:divider| ; 72 (0)              ; 0 (0)                     ; 0           ; 0            ; 0       ; 0         ; 0    ; 0            ; |Processador|out:M1|lpm_divide:Div1|lpm_divide_vim:auto_generated|sign_div_unsign_nlh:divider                                             ; sign_div_unsign_nlh     ; work         ;
;                |alt_u_div_27f:divider|    ; 72 (72)             ; 0 (0)                     ; 0           ; 0            ; 0       ; 0         ; 0    ; 0            ; |Processador|out:M1|lpm_divide:Div1|lpm_divide_vim:auto_generated|sign_div_unsign_nlh:divider|alt_u_div_27f:divider                       ; alt_u_div_27f           ; work         ;
;       |lpm_divide:Div2|                   ; 127 (0)             ; 0 (0)                     ; 0           ; 0            ; 0       ; 0         ; 0    ; 0            ; |Processador|out:M1|lpm_divide:Div2                                                                                                       ; lpm_divide              ; work         ;
;          |lpm_divide_dkm:auto_generated|  ; 127 (0)             ; 0 (0)                     ; 0           ; 0            ; 0       ; 0         ; 0    ; 0            ; |Processador|out:M1|lpm_divide:Div2|lpm_divide_dkm:auto_generated                                                                         ; lpm_divide_dkm          ; work         ;
;             |sign_div_unsign_6nh:divider| ; 127 (0)             ; 0 (0)                     ; 0           ; 0            ; 0       ; 0         ; 0    ; 0            ; |Processador|out:M1|lpm_divide:Div2|lpm_divide_dkm:auto_generated|sign_div_unsign_6nh:divider                                             ; sign_div_unsign_6nh     ; work         ;
;                |alt_u_div_v9f:divider|    ; 127 (127)           ; 0 (0)                     ; 0           ; 0            ; 0       ; 0         ; 0    ; 0            ; |Processador|out:M1|lpm_divide:Div2|lpm_divide_dkm:auto_generated|sign_div_unsign_6nh:divider|alt_u_div_v9f:divider                       ; alt_u_div_v9f           ; work         ;
;       |lpm_divide:Mod0|                   ; 371 (0)             ; 0 (0)                     ; 0           ; 0            ; 0       ; 0         ; 0    ; 0            ; |Processador|out:M1|lpm_divide:Mod0                                                                                                       ; lpm_divide              ; work         ;
;          |lpm_divide_3bm:auto_generated|  ; 371 (0)             ; 0 (0)                     ; 0           ; 0            ; 0       ; 0         ; 0    ; 0            ; |Processador|out:M1|lpm_divide:Mod0|lpm_divide_3bm:auto_generated                                                                         ; lpm_divide_3bm          ; work         ;
;             |sign_div_unsign_olh:divider| ; 371 (0)             ; 0 (0)                     ; 0           ; 0            ; 0       ; 0         ; 0    ; 0            ; |Processador|out:M1|lpm_divide:Mod0|lpm_divide_3bm:auto_generated|sign_div_unsign_olh:divider                                             ; sign_div_unsign_olh     ; work         ;
;                |alt_u_div_47f:divider|    ; 371 (371)           ; 0 (0)                     ; 0           ; 0            ; 0       ; 0         ; 0    ; 0            ; |Processador|out:M1|lpm_divide:Mod0|lpm_divide_3bm:auto_generated|sign_div_unsign_olh:divider|alt_u_div_47f:divider                       ; alt_u_div_47f           ; work         ;
;       |lpm_divide:Mod1|                   ; 568 (0)             ; 0 (0)                     ; 0           ; 0            ; 0       ; 0         ; 0    ; 0            ; |Processador|out:M1|lpm_divide:Mod1                                                                                                       ; lpm_divide              ; work         ;
;          |lpm_divide_6bm:auto_generated|  ; 568 (0)             ; 0 (0)                     ; 0           ; 0            ; 0       ; 0         ; 0    ; 0            ; |Processador|out:M1|lpm_divide:Mod1|lpm_divide_6bm:auto_generated                                                                         ; lpm_divide_6bm          ; work         ;
;             |sign_div_unsign_rlh:divider| ; 568 (0)             ; 0 (0)                     ; 0           ; 0            ; 0       ; 0         ; 0    ; 0            ; |Processador|out:M1|lpm_divide:Mod1|lpm_divide_6bm:auto_generated|sign_div_unsign_rlh:divider                                             ; sign_div_unsign_rlh     ; work         ;
;                |alt_u_div_a7f:divider|    ; 568 (568)           ; 0 (0)                     ; 0           ; 0            ; 0       ; 0         ; 0    ; 0            ; |Processador|out:M1|lpm_divide:Mod1|lpm_divide_6bm:auto_generated|sign_div_unsign_rlh:divider|alt_u_div_a7f:divider                       ; alt_u_div_a7f           ; work         ;
;       |lpm_divide:Mod2|                   ; 703 (0)             ; 0 (0)                     ; 0           ; 0            ; 0       ; 0         ; 0    ; 0            ; |Processador|out:M1|lpm_divide:Mod2                                                                                                       ; lpm_divide              ; work         ;
;          |lpm_divide_gcm:auto_generated|  ; 703 (0)             ; 0 (0)                     ; 0           ; 0            ; 0       ; 0         ; 0    ; 0            ; |Processador|out:M1|lpm_divide:Mod2|lpm_divide_gcm:auto_generated                                                                         ; lpm_divide_gcm          ; work         ;
;             |sign_div_unsign_5nh:divider| ; 703 (0)             ; 0 (0)                     ; 0           ; 0            ; 0       ; 0         ; 0    ; 0            ; |Processador|out:M1|lpm_divide:Mod2|lpm_divide_gcm:auto_generated|sign_div_unsign_5nh:divider                                             ; sign_div_unsign_5nh     ; work         ;
;                |alt_u_div_u9f:divider|    ; 703 (703)           ; 0 (0)                     ; 0           ; 0            ; 0       ; 0         ; 0    ; 0            ; |Processador|out:M1|lpm_divide:Mod2|lpm_divide_gcm:auto_generated|sign_div_unsign_5nh:divider|alt_u_div_u9f:divider                       ; alt_u_div_u9f           ; work         ;
;       |lpm_divide:Mod3|                   ; 798 (0)             ; 0 (0)                     ; 0           ; 0            ; 0       ; 0         ; 0    ; 0            ; |Processador|out:M1|lpm_divide:Mod3                                                                                                       ; lpm_divide              ; work         ;
;          |lpm_divide_kcm:auto_generated|  ; 798 (0)             ; 0 (0)                     ; 0           ; 0            ; 0       ; 0         ; 0    ; 0            ; |Processador|out:M1|lpm_divide:Mod3|lpm_divide_kcm:auto_generated                                                                         ; lpm_divide_kcm          ; work         ;
;             |sign_div_unsign_9nh:divider| ; 798 (0)             ; 0 (0)                     ; 0           ; 0            ; 0       ; 0         ; 0    ; 0            ; |Processador|out:M1|lpm_divide:Mod3|lpm_divide_kcm:auto_generated|sign_div_unsign_9nh:divider                                             ; sign_div_unsign_9nh     ; work         ;
;                |alt_u_div_6af:divider|    ; 798 (798)           ; 0 (0)                     ; 0           ; 0            ; 0       ; 0         ; 0    ; 0            ; |Processador|out:M1|lpm_divide:Mod3|lpm_divide_kcm:auto_generated|sign_div_unsign_9nh:divider|alt_u_div_6af:divider                       ; alt_u_div_6af           ; work         ;
;    |ula_pc:K1|                            ; 14 (14)             ; 13 (13)                   ; 0           ; 0            ; 0       ; 0         ; 0    ; 0            ; |Processador|ula_pc:K1                                                                                                                    ; ula_pc                  ; work         ;
;    |unidade_de_controle:G1|               ; 51 (51)             ; 0 (0)                     ; 0           ; 0            ; 0       ; 0         ; 0    ; 0            ; |Processador|unidade_de_controle:G1                                                                                                       ; unidade_de_controle     ; work         ;
+-------------------------------------------+---------------------+---------------------------+-------------+--------------+---------+-----------+------+--------------+-------------------------------------------------------------------------------------------------------------------------------------------+-------------------------+--------------+
Note: For table entries with two numbers listed, the numbers in parentheses indicate the number of resources of the given type used by the specific entity alone. The numbers listed outside of parentheses indicate the total resources of the given type used by the specific entity and all of its sub-entities in the hierarchy.


+---------------------------------------------------------------------------------------------------------------------------------------------------------------------------------------------------+
; Analysis & Synthesis RAM Summary                                                                                                                                                                  ;
+----------------------------------------------------------------------------------------------+------+------------------+--------------+--------------+--------------+--------------+-------+------+
; Name                                                                                         ; Type ; Mode             ; Port A Depth ; Port A Width ; Port B Depth ; Port B Width ; Size  ; MIF  ;
+----------------------------------------------------------------------------------------------+------+------------------+--------------+--------------+--------------+--------------+-------+------+
; banco_de_registradores:A1|altsyncram:memoria_rtl_0|altsyncram_csg1:auto_generated|ALTSYNCRAM ; AUTO ; Simple Dual Port ; 32           ; 31           ; 32           ; 31           ; 992   ; None ;
; banco_de_registradores:A1|altsyncram:memoria_rtl_1|altsyncram_csg1:auto_generated|ALTSYNCRAM ; AUTO ; Simple Dual Port ; 32           ; 31           ; 32           ; 31           ; 992   ; None ;
; memoria_de_dados:C1|altsyncram:ram_rtl_0|altsyncram_a5h1:auto_generated|ALTSYNCRAM           ; AUTO ; Simple Dual Port ; 1024         ; 32           ; 1024         ; 32           ; 32768 ; None ;
+----------------------------------------------------------------------------------------------+------+------------------+--------------+--------------+--------------+--------------+-------+------+


+-----------------------------------------------------+
; Analysis & Synthesis DSP Block Usage Summary        ;
+---------------------------------------+-------------+
; Statistic                             ; Number Used ;
+---------------------------------------+-------------+
; Simple Multipliers (9-bit)            ; 0           ;
; Simple Multipliers (18-bit)           ; 3           ;
; Embedded Multiplier Blocks            ; --          ;
; Embedded Multiplier 9-bit elements    ; 6           ;
; Signed Embedded Multipliers           ; 0           ;
; Unsigned Embedded Multipliers         ; 3           ;
; Mixed Sign Embedded Multipliers       ; 0           ;
; Variable Sign Embedded Multipliers    ; 0           ;
; Dedicated Input Shift Register Chains ; 0           ;
+---------------------------------------+-------------+
Note: number of Embedded Multiplier Blocks used is only available after a successful fit.


+-------------------------------------------------------------------------------------------------------------------+
; User-Specified and Inferred Latches                                                                               ;
+------------------------------------------------------+-----------------------------------+------------------------+
; Latch Name                                           ; Latch Enable Signal               ; Free of Timing Hazards ;
+------------------------------------------------------+-----------------------------------+------------------------+
; Ula:T2|r[0]                                          ; Ula:T2|Mux32                      ; yes                    ;
; Ula:T2|r[1]                                          ; Ula:T2|Mux32                      ; yes                    ;
; Ula:T2|r[2]                                          ; Ula:T2|Mux32                      ; yes                    ;
; Ula:T2|r[3]                                          ; Ula:T2|Mux32                      ; yes                    ;
; Ula:T2|r[4]                                          ; Ula:T2|Mux32                      ; yes                    ;
; Ula:T2|r[5]                                          ; Ula:T2|Mux32                      ; yes                    ;
; Ula:T2|r[6]                                          ; Ula:T2|Mux32                      ; yes                    ;
; Ula:T2|r[7]                                          ; Ula:T2|Mux32                      ; yes                    ;
; Ula:T2|r[8]                                          ; Ula:T2|Mux32                      ; yes                    ;
; Ula:T2|r[9]                                          ; Ula:T2|Mux32                      ; yes                    ;
; Ula:T2|r[10]                                         ; Ula:T2|Mux32                      ; yes                    ;
; Ula:T2|r[11]                                         ; Ula:T2|Mux32                      ; yes                    ;
; Ula:T2|r[12]                                         ; Ula:T2|Mux32                      ; yes                    ;
; Ula:T2|r[13]                                         ; Ula:T2|Mux32                      ; yes                    ;
; Ula:T2|r[14]                                         ; Ula:T2|Mux32                      ; yes                    ;
; Ula:T2|r[15]                                         ; Ula:T2|Mux32                      ; yes                    ;
; Ula:T2|r[16]                                         ; Ula:T2|Mux32                      ; yes                    ;
; Ula:T2|r[17]                                         ; Ula:T2|Mux32                      ; yes                    ;
; Ula:T2|r[18]                                         ; Ula:T2|Mux32                      ; yes                    ;
; Ula:T2|r[19]                                         ; Ula:T2|Mux32                      ; yes                    ;
; Ula:T2|r[20]                                         ; Ula:T2|Mux32                      ; yes                    ;
; Ula:T2|r[21]                                         ; Ula:T2|Mux32                      ; yes                    ;
; Ula:T2|r[22]                                         ; Ula:T2|Mux32                      ; yes                    ;
; Ula:T2|r[23]                                         ; Ula:T2|Mux32                      ; yes                    ;
; Ula:T2|r[24]                                         ; Ula:T2|Mux32                      ; yes                    ;
; Ula:T2|r[25]                                         ; Ula:T2|Mux32                      ; yes                    ;
; Ula:T2|r[26]                                         ; Ula:T2|Mux32                      ; yes                    ;
; Ula:T2|r[27]                                         ; Ula:T2|Mux32                      ; yes                    ;
; Ula:T2|r[28]                                         ; Ula:T2|Mux32                      ; yes                    ;
; Ula:T2|r[29]                                         ; Ula:T2|Mux32                      ; yes                    ;
; Ula:T2|r[30]                                         ; Ula:T2|Mux32                      ; yes                    ;
; Ula:T2|N                                             ; Ula:T2|Mux32                      ; yes                    ;
; unidade_de_controle:G1|EscritaReg                    ; unidade_de_controle:G1|Mux21      ; yes                    ;
; unidade_de_controle:G1|OperacaoULA[0]                ; unidade_de_controle:G1|Mux21      ; yes                    ;
; unidade_de_controle:G1|OperacaoULA[1]                ; unidade_de_controle:G1|Mux21      ; yes                    ;
; unidade_de_controle:G1|OperacaoULA[2]                ; unidade_de_controle:G1|Mux21      ; yes                    ;
; unidade_de_controle:G1|OperacaoULA[3]                ; unidade_de_controle:G1|Mux21      ; yes                    ;
; logica_memoria_de_dados:H1|saida2[0]                 ; unidade_de_controle:G1|EscritaMem ; yes                    ;
; logica_memoria_de_dados:H1|saida2[1]                 ; unidade_de_controle:G1|EscritaMem ; yes                    ;
; logica_memoria_de_dados:H1|saida2[2]                 ; unidade_de_controle:G1|EscritaMem ; yes                    ;
; logica_memoria_de_dados:H1|saida2[3]                 ; unidade_de_controle:G1|EscritaMem ; yes                    ;
; logica_memoria_de_dados:H1|saida2[4]                 ; unidade_de_controle:G1|EscritaMem ; yes                    ;
; logica_memoria_de_dados:H1|saida2[5]                 ; unidade_de_controle:G1|EscritaMem ; yes                    ;
; logica_memoria_de_dados:H1|saida2[6]                 ; unidade_de_controle:G1|EscritaMem ; yes                    ;
; logica_memoria_de_dados:H1|saida2[7]                 ; unidade_de_controle:G1|EscritaMem ; yes                    ;
; logica_memoria_de_dados:H1|saida2[8]                 ; unidade_de_controle:G1|EscritaMem ; yes                    ;
; logica_memoria_de_dados:H1|saida2[9]                 ; unidade_de_controle:G1|EscritaMem ; yes                    ;
; logica_memoria_de_dados:H1|saida2[10]                ; unidade_de_controle:G1|EscritaMem ; yes                    ;
; logica_memoria_de_dados:H1|saida2[11]                ; unidade_de_controle:G1|EscritaMem ; yes                    ;
; logica_memoria_de_dados:H1|saida2[12]                ; unidade_de_controle:G1|EscritaMem ; yes                    ;
; logica_memoria_de_dados:H1|saida2[13]                ; unidade_de_controle:G1|EscritaMem ; yes                    ;
; logica_memoria_de_dados:H1|saida2[14]                ; unidade_de_controle:G1|EscritaMem ; yes                    ;
; logica_memoria_de_dados:H1|saida2[15]                ; unidade_de_controle:G1|EscritaMem ; yes                    ;
; logica_memoria_de_dados:H1|saida2[16]                ; unidade_de_controle:G1|EscritaMem ; yes                    ;
; logica_memoria_de_dados:H1|saida2[17]                ; unidade_de_controle:G1|EscritaMem ; yes                    ;
; logica_memoria_de_dados:H1|saida2[18]                ; unidade_de_controle:G1|EscritaMem ; yes                    ;
; logica_memoria_de_dados:H1|saida2[19]                ; unidade_de_controle:G1|EscritaMem ; yes                    ;
; logica_memoria_de_dados:H1|saida2[20]                ; unidade_de_controle:G1|EscritaMem ; yes                    ;
; logica_memoria_de_dados:H1|saida2[21]                ; unidade_de_controle:G1|EscritaMem ; yes                    ;
; logica_memoria_de_dados:H1|saida2[22]                ; unidade_de_controle:G1|EscritaMem ; yes                    ;
; logica_memoria_de_dados:H1|saida2[23]                ; unidade_de_controle:G1|EscritaMem ; yes                    ;
; logica_memoria_de_dados:H1|saida2[24]                ; unidade_de_controle:G1|EscritaMem ; yes                    ;
; logica_memoria_de_dados:H1|saida2[25]                ; unidade_de_controle:G1|EscritaMem ; yes                    ;
; logica_memoria_de_dados:H1|saida2[26]                ; unidade_de_controle:G1|EscritaMem ; yes                    ;
; logica_memoria_de_dados:H1|saida2[27]                ; unidade_de_controle:G1|EscritaMem ; yes                    ;
; logica_memoria_de_dados:H1|saida2[28]                ; unidade_de_controle:G1|EscritaMem ; yes                    ;
; logica_memoria_de_dados:H1|saida2[29]                ; unidade_de_controle:G1|EscritaMem ; yes                    ;
; logica_memoria_de_dados:H1|saida2[30]                ; unidade_de_controle:G1|EscritaMem ; yes                    ;
; logica_memoria_de_dados:H1|saida2[31]                ; unidade_de_controle:G1|EscritaMem ; yes                    ;
; logica_memoria_de_dados:H1|saida1[0]                 ; unidade_de_controle:G1|EscritaMem ; yes                    ;
; logica_memoria_de_dados:H1|saida1[1]                 ; unidade_de_controle:G1|EscritaMem ; yes                    ;
; logica_memoria_de_dados:H1|saida1[2]                 ; unidade_de_controle:G1|EscritaMem ; yes                    ;
; logica_memoria_de_dados:H1|saida1[3]                 ; unidade_de_controle:G1|EscritaMem ; yes                    ;
; logica_memoria_de_dados:H1|saida1[4]                 ; unidade_de_controle:G1|EscritaMem ; yes                    ;
; logica_memoria_de_dados:H1|saida1[5]                 ; unidade_de_controle:G1|EscritaMem ; yes                    ;
; logica_memoria_de_dados:H1|saida1[6]                 ; unidade_de_controle:G1|EscritaMem ; yes                    ;
; logica_memoria_de_dados:H1|saida1[7]                 ; unidade_de_controle:G1|EscritaMem ; yes                    ;
; logica_memoria_de_dados:H1|saida1[8]                 ; unidade_de_controle:G1|EscritaMem ; yes                    ;
; logica_memoria_de_dados:H1|saida1[9]                 ; unidade_de_controle:G1|EscritaMem ; yes                    ;
; logica_memoria_de_dados:H1|saida1[10]                ; unidade_de_controle:G1|EscritaMem ; yes                    ;
; logica_memoria_de_dados:H1|saida1[11]                ; unidade_de_controle:G1|EscritaMem ; yes                    ;
; logica_memoria_de_dados:H1|saida1[12]                ; unidade_de_controle:G1|EscritaMem ; yes                    ;
; logica_memoria_de_dados:H1|saida1[13]                ; unidade_de_controle:G1|EscritaMem ; yes                    ;
; logica_memoria_de_dados:H1|saida1[14]                ; unidade_de_controle:G1|EscritaMem ; yes                    ;
; logica_memoria_de_dados:H1|saida1[15]                ; unidade_de_controle:G1|EscritaMem ; yes                    ;
; logica_memoria_de_dados:H1|saida1[16]                ; unidade_de_controle:G1|EscritaMem ; yes                    ;
; logica_memoria_de_dados:H1|saida1[17]                ; unidade_de_controle:G1|EscritaMem ; yes                    ;
; logica_memoria_de_dados:H1|saida1[18]                ; unidade_de_controle:G1|EscritaMem ; yes                    ;
; logica_memoria_de_dados:H1|saida1[19]                ; unidade_de_controle:G1|EscritaMem ; yes                    ;
; logica_memoria_de_dados:H1|saida1[20]                ; unidade_de_controle:G1|EscritaMem ; yes                    ;
; logica_memoria_de_dados:H1|saida1[21]                ; unidade_de_controle:G1|EscritaMem ; yes                    ;
; logica_memoria_de_dados:H1|saida1[22]                ; unidade_de_controle:G1|EscritaMem ; yes                    ;
; logica_memoria_de_dados:H1|saida1[23]                ; unidade_de_controle:G1|EscritaMem ; yes                    ;
; logica_memoria_de_dados:H1|saida1[24]                ; unidade_de_controle:G1|EscritaMem ; yes                    ;
; logica_memoria_de_dados:H1|saida1[25]                ; unidade_de_controle:G1|EscritaMem ; yes                    ;
; logica_memoria_de_dados:H1|saida1[26]                ; unidade_de_controle:G1|EscritaMem ; yes                    ;
; logica_memoria_de_dados:H1|saida1[27]                ; unidade_de_controle:G1|EscritaMem ; yes                    ;
; logica_memoria_de_dados:H1|saida1[28]                ; unidade_de_controle:G1|EscritaMem ; yes                    ;
; logica_memoria_de_dados:H1|saida1[29]                ; unidade_de_controle:G1|EscritaMem ; yes                    ;
; logica_memoria_de_dados:H1|saida1[30]                ; unidade_de_controle:G1|EscritaMem ; yes                    ;
; Number of user-specified and inferred latches = 110  ;                                   ;                        ;
+------------------------------------------------------+-----------------------------------+------------------------+
Table restricted to first 100 entries. Note: All latches listed above may not be present at the end of synthesis due to various synthesis optimizations.


+----------------------------------------------------------------------------------------------------+
; Registers Removed During Synthesis                                                                 ;
+------------------------------------------------------+---------------------------------------------+
; Register name                                        ; Reason for Removal                          ;
+------------------------------------------------------+---------------------------------------------+
; debounce:BTN1|pulso_pressionado                      ; Stuck at GND due to stuck port data_in      ;
; memoria_de_instrucoes:B1|q[14,19]                    ; Stuck at GND due to stuck port data_in      ;
; banco_de_registradores:A1|memoria_rtl_0_bypass[9,10] ; Stuck at GND due to stuck port data_in      ;
; banco_de_registradores:A1|memoria_rtl_1_bypass[9,10] ; Stuck at GND due to stuck port data_in      ;
; banco_de_registradores:A1|memoria[31][0]             ; Stuck at GND due to stuck port clock_enable ;
; banco_de_registradores:A1|memoria[30][0]             ; Stuck at GND due to stuck port clock_enable ;
; banco_de_registradores:A1|memoria[29][0]             ; Stuck at GND due to stuck port clock_enable ;
; banco_de_registradores:A1|memoria[28][0]             ; Stuck at GND due to stuck port clock_enable ;
; banco_de_registradores:A1|memoria[27][0]             ; Stuck at GND due to stuck port clock_enable ;
; banco_de_registradores:A1|memoria[26][0]             ; Stuck at GND due to stuck port clock_enable ;
; banco_de_registradores:A1|memoria[25][0]             ; Stuck at GND due to stuck port clock_enable ;
; banco_de_registradores:A1|memoria[24][0]             ; Stuck at GND due to stuck port clock_enable ;
; banco_de_registradores:A1|memoria[23][0]             ; Stuck at GND due to stuck port clock_enable ;
; banco_de_registradores:A1|memoria[22][0]             ; Stuck at GND due to stuck port clock_enable ;
; banco_de_registradores:A1|memoria[21][0]             ; Stuck at GND due to stuck port clock_enable ;
; banco_de_registradores:A1|memoria[20][0]             ; Stuck at GND due to stuck port clock_enable ;
; banco_de_registradores:A1|memoria[19][0]             ; Stuck at GND due to stuck port clock_enable ;
; banco_de_registradores:A1|memoria[18][0]             ; Stuck at GND due to stuck port clock_enable ;
; banco_de_registradores:A1|memoria[17][0]             ; Stuck at GND due to stuck port clock_enable ;
; banco_de_registradores:A1|memoria[16][0]             ; Stuck at GND due to stuck port clock_enable ;
; banco_de_registradores:A1|memoria[31][1]             ; Stuck at GND due to stuck port clock_enable ;
; banco_de_registradores:A1|memoria[30][1]             ; Stuck at GND due to stuck port clock_enable ;
; banco_de_registradores:A1|memoria[29][1]             ; Stuck at GND due to stuck port clock_enable ;
; banco_de_registradores:A1|memoria[28][1]             ; Stuck at GND due to stuck port clock_enable ;
; banco_de_registradores:A1|memoria[27][1]             ; Stuck at GND due to stuck port clock_enable ;
; banco_de_registradores:A1|memoria[26][1]             ; Stuck at GND due to stuck port clock_enable ;
; banco_de_registradores:A1|memoria[25][1]             ; Stuck at GND due to stuck port clock_enable ;
; banco_de_registradores:A1|memoria[24][1]             ; Stuck at GND due to stuck port clock_enable ;
; banco_de_registradores:A1|memoria[23][1]             ; Stuck at GND due to stuck port clock_enable ;
; banco_de_registradores:A1|memoria[22][1]             ; Stuck at GND due to stuck port clock_enable ;
; banco_de_registradores:A1|memoria[21][1]             ; Stuck at GND due to stuck port clock_enable ;
; banco_de_registradores:A1|memoria[20][1]             ; Stuck at GND due to stuck port clock_enable ;
; banco_de_registradores:A1|memoria[19][1]             ; Stuck at GND due to stuck port clock_enable ;
; banco_de_registradores:A1|memoria[18][1]             ; Stuck at GND due to stuck port clock_enable ;
; banco_de_registradores:A1|memoria[17][1]             ; Stuck at GND due to stuck port clock_enable ;
; banco_de_registradores:A1|memoria[16][1]             ; Stuck at GND due to stuck port clock_enable ;
; banco_de_registradores:A1|memoria[31][2]             ; Stuck at GND due to stuck port clock_enable ;
; banco_de_registradores:A1|memoria[30][2]             ; Stuck at GND due to stuck port clock_enable ;
; banco_de_registradores:A1|memoria[29][2]             ; Stuck at GND due to stuck port clock_enable ;
; banco_de_registradores:A1|memoria[28][2]             ; Stuck at GND due to stuck port clock_enable ;
; banco_de_registradores:A1|memoria[27][2]             ; Stuck at GND due to stuck port clock_enable ;
; banco_de_registradores:A1|memoria[26][2]             ; Stuck at GND due to stuck port clock_enable ;
; banco_de_registradores:A1|memoria[25][2]             ; Stuck at GND due to stuck port clock_enable ;
; banco_de_registradores:A1|memoria[24][2]             ; Stuck at GND due to stuck port clock_enable ;
; banco_de_registradores:A1|memoria[23][2]             ; Stuck at GND due to stuck port clock_enable ;
; banco_de_registradores:A1|memoria[22][2]             ; Stuck at GND due to stuck port clock_enable ;
; banco_de_registradores:A1|memoria[21][2]             ; Stuck at GND due to stuck port clock_enable ;
; banco_de_registradores:A1|memoria[20][2]             ; Stuck at GND due to stuck port clock_enable ;
; banco_de_registradores:A1|memoria[19][2]             ; Stuck at GND due to stuck port clock_enable ;
; banco_de_registradores:A1|memoria[18][2]             ; Stuck at GND due to stuck port clock_enable ;
; banco_de_registradores:A1|memoria[17][2]             ; Stuck at GND due to stuck port clock_enable ;
; banco_de_registradores:A1|memoria[16][2]             ; Stuck at GND due to stuck port clock_enable ;
; banco_de_registradores:A1|memoria[31][3]             ; Stuck at GND due to stuck port clock_enable ;
; banco_de_registradores:A1|memoria[30][3]             ; Stuck at GND due to stuck port clock_enable ;
; banco_de_registradores:A1|memoria[29][3]             ; Stuck at GND due to stuck port clock_enable ;
; banco_de_registradores:A1|memoria[28][3]             ; Stuck at GND due to stuck port clock_enable ;
; banco_de_registradores:A1|memoria[27][3]             ; Stuck at GND due to stuck port clock_enable ;
; banco_de_registradores:A1|memoria[26][3]             ; Stuck at GND due to stuck port clock_enable ;
; banco_de_registradores:A1|memoria[25][3]             ; Stuck at GND due to stuck port clock_enable ;
; banco_de_registradores:A1|memoria[24][3]             ; Stuck at GND due to stuck port clock_enable ;
; banco_de_registradores:A1|memoria[23][3]             ; Stuck at GND due to stuck port clock_enable ;
; banco_de_registradores:A1|memoria[22][3]             ; Stuck at GND due to stuck port clock_enable ;
; banco_de_registradores:A1|memoria[21][3]             ; Stuck at GND due to stuck port clock_enable ;
; banco_de_registradores:A1|memoria[20][3]             ; Stuck at GND due to stuck port clock_enable ;
; banco_de_registradores:A1|memoria[19][3]             ; Stuck at GND due to stuck port clock_enable ;
; banco_de_registradores:A1|memoria[18][3]             ; Stuck at GND due to stuck port clock_enable ;
; banco_de_registradores:A1|memoria[17][3]             ; Stuck at GND due to stuck port clock_enable ;
; banco_de_registradores:A1|memoria[16][3]             ; Stuck at GND due to stuck port clock_enable ;
; banco_de_registradores:A1|memoria[31][4]             ; Stuck at GND due to stuck port clock_enable ;
; banco_de_registradores:A1|memoria[30][4]             ; Stuck at GND due to stuck port clock_enable ;
; banco_de_registradores:A1|memoria[29][4]             ; Stuck at GND due to stuck port clock_enable ;
; banco_de_registradores:A1|memoria[28][4]             ; Stuck at GND due to stuck port clock_enable ;
; banco_de_registradores:A1|memoria[27][4]             ; Stuck at GND due to stuck port clock_enable ;
; banco_de_registradores:A1|memoria[26][4]             ; Stuck at GND due to stuck port clock_enable ;
; banco_de_registradores:A1|memoria[25][4]             ; Stuck at GND due to stuck port clock_enable ;
; banco_de_registradores:A1|memoria[24][4]             ; Stuck at GND due to stuck port clock_enable ;
; banco_de_registradores:A1|memoria[23][4]             ; Stuck at GND due to stuck port clock_enable ;
; banco_de_registradores:A1|memoria[22][4]             ; Stuck at GND due to stuck port clock_enable ;
; banco_de_registradores:A1|memoria[21][4]             ; Stuck at GND due to stuck port clock_enable ;
; banco_de_registradores:A1|memoria[20][4]             ; Stuck at GND due to stuck port clock_enable ;
; banco_de_registradores:A1|memoria[19][4]             ; Stuck at GND due to stuck port clock_enable ;
; banco_de_registradores:A1|memoria[18][4]             ; Stuck at GND due to stuck port clock_enable ;
; banco_de_registradores:A1|memoria[17][4]             ; Stuck at GND due to stuck port clock_enable ;
; banco_de_registradores:A1|memoria[16][4]             ; Stuck at GND due to stuck port clock_enable ;
; banco_de_registradores:A1|memoria[31][5]             ; Stuck at GND due to stuck port clock_enable ;
; banco_de_registradores:A1|memoria[30][5]             ; Stuck at GND due to stuck port clock_enable ;
; banco_de_registradores:A1|memoria[29][5]             ; Stuck at GND due to stuck port clock_enable ;
; banco_de_registradores:A1|memoria[28][5]             ; Stuck at GND due to stuck port clock_enable ;
; banco_de_registradores:A1|memoria[27][5]             ; Stuck at GND due to stuck port clock_enable ;
; banco_de_registradores:A1|memoria[26][5]             ; Stuck at GND due to stuck port clock_enable ;
; banco_de_registradores:A1|memoria[25][5]             ; Stuck at GND due to stuck port clock_enable ;
; banco_de_registradores:A1|memoria[24][5]             ; Stuck at GND due to stuck port clock_enable ;
; banco_de_registradores:A1|memoria[23][5]             ; Stuck at GND due to stuck port clock_enable ;
; banco_de_registradores:A1|memoria[22][5]             ; Stuck at GND due to stuck port clock_enable ;
; banco_de_registradores:A1|memoria[21][5]             ; Stuck at GND due to stuck port clock_enable ;
; banco_de_registradores:A1|memoria[20][5]             ; Stuck at GND due to stuck port clock_enable ;
; banco_de_registradores:A1|memoria[19][5]             ; Stuck at GND due to stuck port clock_enable ;
; banco_de_registradores:A1|memoria[18][5]             ; Stuck at GND due to stuck port clock_enable ;
; banco_de_registradores:A1|memoria[17][5]             ; Stuck at GND due to stuck port clock_enable ;
; banco_de_registradores:A1|memoria[16][5]             ; Stuck at GND due to stuck port clock_enable ;
; banco_de_registradores:A1|memoria[31][6]             ; Stuck at GND due to stuck port clock_enable ;
; banco_de_registradores:A1|memoria[30][6]             ; Stuck at GND due to stuck port clock_enable ;
; banco_de_registradores:A1|memoria[29][6]             ; Stuck at GND due to stuck port clock_enable ;
; banco_de_registradores:A1|memoria[28][6]             ; Stuck at GND due to stuck port clock_enable ;
; banco_de_registradores:A1|memoria[27][6]             ; Stuck at GND due to stuck port clock_enable ;
; banco_de_registradores:A1|memoria[26][6]             ; Stuck at GND due to stuck port clock_enable ;
; banco_de_registradores:A1|memoria[25][6]             ; Stuck at GND due to stuck port clock_enable ;
; banco_de_registradores:A1|memoria[24][6]             ; Stuck at GND due to stuck port clock_enable ;
; banco_de_registradores:A1|memoria[23][6]             ; Stuck at GND due to stuck port clock_enable ;
; banco_de_registradores:A1|memoria[22][6]             ; Stuck at GND due to stuck port clock_enable ;
; banco_de_registradores:A1|memoria[21][6]             ; Stuck at GND due to stuck port clock_enable ;
; banco_de_registradores:A1|memoria[20][6]             ; Stuck at GND due to stuck port clock_enable ;
; banco_de_registradores:A1|memoria[19][6]             ; Stuck at GND due to stuck port clock_enable ;
; banco_de_registradores:A1|memoria[18][6]             ; Stuck at GND due to stuck port clock_enable ;
; banco_de_registradores:A1|memoria[17][6]             ; Stuck at GND due to stuck port clock_enable ;
; banco_de_registradores:A1|memoria[16][6]             ; Stuck at GND due to stuck port clock_enable ;
; banco_de_registradores:A1|memoria[31][7]             ; Stuck at GND due to stuck port clock_enable ;
; banco_de_registradores:A1|memoria[30][7]             ; Stuck at GND due to stuck port clock_enable ;
; banco_de_registradores:A1|memoria[29][7]             ; Stuck at GND due to stuck port clock_enable ;
; banco_de_registradores:A1|memoria[28][7]             ; Stuck at GND due to stuck port clock_enable ;
; banco_de_registradores:A1|memoria[27][7]             ; Stuck at GND due to stuck port clock_enable ;
; banco_de_registradores:A1|memoria[26][7]             ; Stuck at GND due to stuck port clock_enable ;
; banco_de_registradores:A1|memoria[25][7]             ; Stuck at GND due to stuck port clock_enable ;
; banco_de_registradores:A1|memoria[24][7]             ; Stuck at GND due to stuck port clock_enable ;
; banco_de_registradores:A1|memoria[23][7]             ; Stuck at GND due to stuck port clock_enable ;
; banco_de_registradores:A1|memoria[22][7]             ; Stuck at GND due to stuck port clock_enable ;
; banco_de_registradores:A1|memoria[21][7]             ; Stuck at GND due to stuck port clock_enable ;
; banco_de_registradores:A1|memoria[20][7]             ; Stuck at GND due to stuck port clock_enable ;
; banco_de_registradores:A1|memoria[19][7]             ; Stuck at GND due to stuck port clock_enable ;
; banco_de_registradores:A1|memoria[18][7]             ; Stuck at GND due to stuck port clock_enable ;
; banco_de_registradores:A1|memoria[17][7]             ; Stuck at GND due to stuck port clock_enable ;
; banco_de_registradores:A1|memoria[16][7]             ; Stuck at GND due to stuck port clock_enable ;
; banco_de_registradores:A1|memoria[31][8]             ; Stuck at GND due to stuck port clock_enable ;
; banco_de_registradores:A1|memoria[30][8]             ; Stuck at GND due to stuck port clock_enable ;
; banco_de_registradores:A1|memoria[29][8]             ; Stuck at GND due to stuck port clock_enable ;
; banco_de_registradores:A1|memoria[28][8]             ; Stuck at GND due to stuck port clock_enable ;
; banco_de_registradores:A1|memoria[27][8]             ; Stuck at GND due to stuck port clock_enable ;
; banco_de_registradores:A1|memoria[26][8]             ; Stuck at GND due to stuck port clock_enable ;
; banco_de_registradores:A1|memoria[25][8]             ; Stuck at GND due to stuck port clock_enable ;
; banco_de_registradores:A1|memoria[24][8]             ; Stuck at GND due to stuck port clock_enable ;
; banco_de_registradores:A1|memoria[23][8]             ; Stuck at GND due to stuck port clock_enable ;
; banco_de_registradores:A1|memoria[22][8]             ; Stuck at GND due to stuck port clock_enable ;
; banco_de_registradores:A1|memoria[21][8]             ; Stuck at GND due to stuck port clock_enable ;
; banco_de_registradores:A1|memoria[20][8]             ; Stuck at GND due to stuck port clock_enable ;
; banco_de_registradores:A1|memoria[19][8]             ; Stuck at GND due to stuck port clock_enable ;
; banco_de_registradores:A1|memoria[18][8]             ; Stuck at GND due to stuck port clock_enable ;
; banco_de_registradores:A1|memoria[17][8]             ; Stuck at GND due to stuck port clock_enable ;
; banco_de_registradores:A1|memoria[16][8]             ; Stuck at GND due to stuck port clock_enable ;
; banco_de_registradores:A1|memoria[31][9]             ; Stuck at GND due to stuck port clock_enable ;
; banco_de_registradores:A1|memoria[30][9]             ; Stuck at GND due to stuck port clock_enable ;
; banco_de_registradores:A1|memoria[29][9]             ; Stuck at GND due to stuck port clock_enable ;
; banco_de_registradores:A1|memoria[28][9]             ; Stuck at GND due to stuck port clock_enable ;
; banco_de_registradores:A1|memoria[27][9]             ; Stuck at GND due to stuck port clock_enable ;
; banco_de_registradores:A1|memoria[26][9]             ; Stuck at GND due to stuck port clock_enable ;
; banco_de_registradores:A1|memoria[25][9]             ; Stuck at GND due to stuck port clock_enable ;
; banco_de_registradores:A1|memoria[24][9]             ; Stuck at GND due to stuck port clock_enable ;
; banco_de_registradores:A1|memoria[23][9]             ; Stuck at GND due to stuck port clock_enable ;
; banco_de_registradores:A1|memoria[22][9]             ; Stuck at GND due to stuck port clock_enable ;
; banco_de_registradores:A1|memoria[21][9]             ; Stuck at GND due to stuck port clock_enable ;
; banco_de_registradores:A1|memoria[20][9]             ; Stuck at GND due to stuck port clock_enable ;
; banco_de_registradores:A1|memoria[19][9]             ; Stuck at GND due to stuck port clock_enable ;
; banco_de_registradores:A1|memoria[18][9]             ; Stuck at GND due to stuck port clock_enable ;
; banco_de_registradores:A1|memoria[17][9]             ; Stuck at GND due to stuck port clock_enable ;
; banco_de_registradores:A1|memoria[16][9]             ; Stuck at GND due to stuck port clock_enable ;
; banco_de_registradores:A1|memoria[31][10]            ; Stuck at GND due to stuck port clock_enable ;
; banco_de_registradores:A1|memoria[30][10]            ; Stuck at GND due to stuck port clock_enable ;
; banco_de_registradores:A1|memoria[29][10]            ; Stuck at GND due to stuck port clock_enable ;
; banco_de_registradores:A1|memoria[28][10]            ; Stuck at GND due to stuck port clock_enable ;
; banco_de_registradores:A1|memoria[27][10]            ; Stuck at GND due to stuck port clock_enable ;
; banco_de_registradores:A1|memoria[26][10]            ; Stuck at GND due to stuck port clock_enable ;
; banco_de_registradores:A1|memoria[25][10]            ; Stuck at GND due to stuck port clock_enable ;
; banco_de_registradores:A1|memoria[24][10]            ; Stuck at GND due to stuck port clock_enable ;
; banco_de_registradores:A1|memoria[23][10]            ; Stuck at GND due to stuck port clock_enable ;
; banco_de_registradores:A1|memoria[22][10]            ; Stuck at GND due to stuck port clock_enable ;
; banco_de_registradores:A1|memoria[21][10]            ; Stuck at GND due to stuck port clock_enable ;
; banco_de_registradores:A1|memoria[20][10]            ; Stuck at GND due to stuck port clock_enable ;
; banco_de_registradores:A1|memoria[19][10]            ; Stuck at GND due to stuck port clock_enable ;
; banco_de_registradores:A1|memoria[18][10]            ; Stuck at GND due to stuck port clock_enable ;
; banco_de_registradores:A1|memoria[17][10]            ; Stuck at GND due to stuck port clock_enable ;
; banco_de_registradores:A1|memoria[16][10]            ; Stuck at GND due to stuck port clock_enable ;
; banco_de_registradores:A1|memoria[31][11]            ; Stuck at GND due to stuck port clock_enable ;
; banco_de_registradores:A1|memoria[30][11]            ; Stuck at GND due to stuck port clock_enable ;
; banco_de_registradores:A1|memoria[29][11]            ; Stuck at GND due to stuck port clock_enable ;
; banco_de_registradores:A1|memoria[28][11]            ; Stuck at GND due to stuck port clock_enable ;
; banco_de_registradores:A1|memoria[27][11]            ; Stuck at GND due to stuck port clock_enable ;
; banco_de_registradores:A1|memoria[26][11]            ; Stuck at GND due to stuck port clock_enable ;
; banco_de_registradores:A1|memoria[25][11]            ; Stuck at GND due to stuck port clock_enable ;
; banco_de_registradores:A1|memoria[24][11]            ; Stuck at GND due to stuck port clock_enable ;
; banco_de_registradores:A1|memoria[23][11]            ; Stuck at GND due to stuck port clock_enable ;
; banco_de_registradores:A1|memoria[22][11]            ; Stuck at GND due to stuck port clock_enable ;
; banco_de_registradores:A1|memoria[21][11]            ; Stuck at GND due to stuck port clock_enable ;
; banco_de_registradores:A1|memoria[20][11]            ; Stuck at GND due to stuck port clock_enable ;
; banco_de_registradores:A1|memoria[19][11]            ; Stuck at GND due to stuck port clock_enable ;
; banco_de_registradores:A1|memoria[18][11]            ; Stuck at GND due to stuck port clock_enable ;
; banco_de_registradores:A1|memoria[17][11]            ; Stuck at GND due to stuck port clock_enable ;
; banco_de_registradores:A1|memoria[16][11]            ; Stuck at GND due to stuck port clock_enable ;
; banco_de_registradores:A1|memoria[31][12]            ; Stuck at GND due to stuck port clock_enable ;
; banco_de_registradores:A1|memoria[30][12]            ; Stuck at GND due to stuck port clock_enable ;
; banco_de_registradores:A1|memoria[29][12]            ; Stuck at GND due to stuck port clock_enable ;
; banco_de_registradores:A1|memoria[28][12]            ; Stuck at GND due to stuck port clock_enable ;
; banco_de_registradores:A1|memoria[27][12]            ; Stuck at GND due to stuck port clock_enable ;
; banco_de_registradores:A1|memoria[26][12]            ; Stuck at GND due to stuck port clock_enable ;
; banco_de_registradores:A1|memoria[25][12]            ; Stuck at GND due to stuck port clock_enable ;
; banco_de_registradores:A1|memoria[24][12]            ; Stuck at GND due to stuck port clock_enable ;
; banco_de_registradores:A1|memoria[23][12]            ; Stuck at GND due to stuck port clock_enable ;
; banco_de_registradores:A1|memoria[22][12]            ; Stuck at GND due to stuck port clock_enable ;
; banco_de_registradores:A1|memoria[21][12]            ; Stuck at GND due to stuck port clock_enable ;
; banco_de_registradores:A1|memoria[20][12]            ; Stuck at GND due to stuck port clock_enable ;
; banco_de_registradores:A1|memoria[19][12]            ; Stuck at GND due to stuck port clock_enable ;
; banco_de_registradores:A1|memoria[18][12]            ; Stuck at GND due to stuck port clock_enable ;
; banco_de_registradores:A1|memoria[17][12]            ; Stuck at GND due to stuck port clock_enable ;
; banco_de_registradores:A1|memoria[16][12]            ; Stuck at GND due to stuck port clock_enable ;
; banco_de_registradores:A1|memoria[31][13]            ; Stuck at GND due to stuck port clock_enable ;
; banco_de_registradores:A1|memoria[30][13]            ; Stuck at GND due to stuck port clock_enable ;
; banco_de_registradores:A1|memoria[29][13]            ; Stuck at GND due to stuck port clock_enable ;
; banco_de_registradores:A1|memoria[28][13]            ; Stuck at GND due to stuck port clock_enable ;
; banco_de_registradores:A1|memoria[27][13]            ; Stuck at GND due to stuck port clock_enable ;
; banco_de_registradores:A1|memoria[26][13]            ; Stuck at GND due to stuck port clock_enable ;
; banco_de_registradores:A1|memoria[25][13]            ; Stuck at GND due to stuck port clock_enable ;
; banco_de_registradores:A1|memoria[24][13]            ; Stuck at GND due to stuck port clock_enable ;
; banco_de_registradores:A1|memoria[23][13]            ; Stuck at GND due to stuck port clock_enable ;
; banco_de_registradores:A1|memoria[22][13]            ; Stuck at GND due to stuck port clock_enable ;
; banco_de_registradores:A1|memoria[21][13]            ; Stuck at GND due to stuck port clock_enable ;
; banco_de_registradores:A1|memoria[20][13]            ; Stuck at GND due to stuck port clock_enable ;
; banco_de_registradores:A1|memoria[19][13]            ; Stuck at GND due to stuck port clock_enable ;
; banco_de_registradores:A1|memoria[18][13]            ; Stuck at GND due to stuck port clock_enable ;
; banco_de_registradores:A1|memoria[17][13]            ; Stuck at GND due to stuck port clock_enable ;
; banco_de_registradores:A1|memoria[16][13]            ; Stuck at GND due to stuck port clock_enable ;
; banco_de_registradores:A1|memoria[31][14]            ; Stuck at GND due to stuck port clock_enable ;
; banco_de_registradores:A1|memoria[30][14]            ; Stuck at GND due to stuck port clock_enable ;
; banco_de_registradores:A1|memoria[29][14]            ; Stuck at GND due to stuck port clock_enable ;
; banco_de_registradores:A1|memoria[28][14]            ; Stuck at GND due to stuck port clock_enable ;
; banco_de_registradores:A1|memoria[27][14]            ; Stuck at GND due to stuck port clock_enable ;
; banco_de_registradores:A1|memoria[26][14]            ; Stuck at GND due to stuck port clock_enable ;
; banco_de_registradores:A1|memoria[25][14]            ; Stuck at GND due to stuck port clock_enable ;
; banco_de_registradores:A1|memoria[24][14]            ; Stuck at GND due to stuck port clock_enable ;
; banco_de_registradores:A1|memoria[23][14]            ; Stuck at GND due to stuck port clock_enable ;
; banco_de_registradores:A1|memoria[22][14]            ; Stuck at GND due to stuck port clock_enable ;
; banco_de_registradores:A1|memoria[21][14]            ; Stuck at GND due to stuck port clock_enable ;
; banco_de_registradores:A1|memoria[20][14]            ; Stuck at GND due to stuck port clock_enable ;
; banco_de_registradores:A1|memoria[19][14]            ; Stuck at GND due to stuck port clock_enable ;
; banco_de_registradores:A1|memoria[18][14]            ; Stuck at GND due to stuck port clock_enable ;
; banco_de_registradores:A1|memoria[17][14]            ; Stuck at GND due to stuck port clock_enable ;
; banco_de_registradores:A1|memoria[16][14]            ; Stuck at GND due to stuck port clock_enable ;
; banco_de_registradores:A1|memoria[31][15]            ; Stuck at GND due to stuck port clock_enable ;
; banco_de_registradores:A1|memoria[30][15]            ; Stuck at GND due to stuck port clock_enable ;
; banco_de_registradores:A1|memoria[29][15]            ; Stuck at GND due to stuck port clock_enable ;
; banco_de_registradores:A1|memoria[28][15]            ; Stuck at GND due to stuck port clock_enable ;
; banco_de_registradores:A1|memoria[27][15]            ; Stuck at GND due to stuck port clock_enable ;
; banco_de_registradores:A1|memoria[26][15]            ; Stuck at GND due to stuck port clock_enable ;
; banco_de_registradores:A1|memoria[25][15]            ; Stuck at GND due to stuck port clock_enable ;
; banco_de_registradores:A1|memoria[24][15]            ; Stuck at GND due to stuck port clock_enable ;
; banco_de_registradores:A1|memoria[23][15]            ; Stuck at GND due to stuck port clock_enable ;
; banco_de_registradores:A1|memoria[22][15]            ; Stuck at GND due to stuck port clock_enable ;
; banco_de_registradores:A1|memoria[21][15]            ; Stuck at GND due to stuck port clock_enable ;
; banco_de_registradores:A1|memoria[20][15]            ; Stuck at GND due to stuck port clock_enable ;
; banco_de_registradores:A1|memoria[19][15]            ; Stuck at GND due to stuck port clock_enable ;
; banco_de_registradores:A1|memoria[18][15]            ; Stuck at GND due to stuck port clock_enable ;
; banco_de_registradores:A1|memoria[17][15]            ; Stuck at GND due to stuck port clock_enable ;
; banco_de_registradores:A1|memoria[16][15]            ; Stuck at GND due to stuck port clock_enable ;
; banco_de_registradores:A1|memoria[31][16]            ; Stuck at GND due to stuck port clock_enable ;
; banco_de_registradores:A1|memoria[30][16]            ; Stuck at GND due to stuck port clock_enable ;
; banco_de_registradores:A1|memoria[29][16]            ; Stuck at GND due to stuck port clock_enable ;
; banco_de_registradores:A1|memoria[28][16]            ; Stuck at GND due to stuck port clock_enable ;
; banco_de_registradores:A1|memoria[27][16]            ; Stuck at GND due to stuck port clock_enable ;
; banco_de_registradores:A1|memoria[26][16]            ; Stuck at GND due to stuck port clock_enable ;
; banco_de_registradores:A1|memoria[25][16]            ; Stuck at GND due to stuck port clock_enable ;
; banco_de_registradores:A1|memoria[24][16]            ; Stuck at GND due to stuck port clock_enable ;
; banco_de_registradores:A1|memoria[23][16]            ; Stuck at GND due to stuck port clock_enable ;
; banco_de_registradores:A1|memoria[22][16]            ; Stuck at GND due to stuck port clock_enable ;
; banco_de_registradores:A1|memoria[21][16]            ; Stuck at GND due to stuck port clock_enable ;
; banco_de_registradores:A1|memoria[20][16]            ; Stuck at GND due to stuck port clock_enable ;
; banco_de_registradores:A1|memoria[19][16]            ; Stuck at GND due to stuck port clock_enable ;
; banco_de_registradores:A1|memoria[18][16]            ; Stuck at GND due to stuck port clock_enable ;
; banco_de_registradores:A1|memoria[17][16]            ; Stuck at GND due to stuck port clock_enable ;
; banco_de_registradores:A1|memoria[16][16]            ; Stuck at GND due to stuck port clock_enable ;
; banco_de_registradores:A1|memoria[31][17]            ; Stuck at GND due to stuck port clock_enable ;
; banco_de_registradores:A1|memoria[30][17]            ; Stuck at GND due to stuck port clock_enable ;
; banco_de_registradores:A1|memoria[29][17]            ; Stuck at GND due to stuck port clock_enable ;
; banco_de_registradores:A1|memoria[28][17]            ; Stuck at GND due to stuck port clock_enable ;
; banco_de_registradores:A1|memoria[27][17]            ; Stuck at GND due to stuck port clock_enable ;
; banco_de_registradores:A1|memoria[26][17]            ; Stuck at GND due to stuck port clock_enable ;
; banco_de_registradores:A1|memoria[25][17]            ; Stuck at GND due to stuck port clock_enable ;
; banco_de_registradores:A1|memoria[24][17]            ; Stuck at GND due to stuck port clock_enable ;
; banco_de_registradores:A1|memoria[23][17]            ; Stuck at GND due to stuck port clock_enable ;
; banco_de_registradores:A1|memoria[22][17]            ; Stuck at GND due to stuck port clock_enable ;
; banco_de_registradores:A1|memoria[21][17]            ; Stuck at GND due to stuck port clock_enable ;
; banco_de_registradores:A1|memoria[20][17]            ; Stuck at GND due to stuck port clock_enable ;
; banco_de_registradores:A1|memoria[19][17]            ; Stuck at GND due to stuck port clock_enable ;
; banco_de_registradores:A1|memoria[18][17]            ; Stuck at GND due to stuck port clock_enable ;
; banco_de_registradores:A1|memoria[17][17]            ; Stuck at GND due to stuck port clock_enable ;
; banco_de_registradores:A1|memoria[16][17]            ; Stuck at GND due to stuck port clock_enable ;
; banco_de_registradores:A1|memoria[31][18]            ; Stuck at GND due to stuck port clock_enable ;
; banco_de_registradores:A1|memoria[30][18]            ; Stuck at GND due to stuck port clock_enable ;
; banco_de_registradores:A1|memoria[29][18]            ; Stuck at GND due to stuck port clock_enable ;
; banco_de_registradores:A1|memoria[28][18]            ; Stuck at GND due to stuck port clock_enable ;
; banco_de_registradores:A1|memoria[27][18]            ; Stuck at GND due to stuck port clock_enable ;
; banco_de_registradores:A1|memoria[26][18]            ; Stuck at GND due to stuck port clock_enable ;
; banco_de_registradores:A1|memoria[25][18]            ; Stuck at GND due to stuck port clock_enable ;
; banco_de_registradores:A1|memoria[24][18]            ; Stuck at GND due to stuck port clock_enable ;
; banco_de_registradores:A1|memoria[23][18]            ; Stuck at GND due to stuck port clock_enable ;
; banco_de_registradores:A1|memoria[22][18]            ; Stuck at GND due to stuck port clock_enable ;
; banco_de_registradores:A1|memoria[21][18]            ; Stuck at GND due to stuck port clock_enable ;
; banco_de_registradores:A1|memoria[20][18]            ; Stuck at GND due to stuck port clock_enable ;
; banco_de_registradores:A1|memoria[19][18]            ; Stuck at GND due to stuck port clock_enable ;
; banco_de_registradores:A1|memoria[18][18]            ; Stuck at GND due to stuck port clock_enable ;
; banco_de_registradores:A1|memoria[17][18]            ; Stuck at GND due to stuck port clock_enable ;
; banco_de_registradores:A1|memoria[16][18]            ; Stuck at GND due to stuck port clock_enable ;
; banco_de_registradores:A1|memoria[31][19]            ; Stuck at GND due to stuck port clock_enable ;
; banco_de_registradores:A1|memoria[30][19]            ; Stuck at GND due to stuck port clock_enable ;
; banco_de_registradores:A1|memoria[29][19]            ; Stuck at GND due to stuck port clock_enable ;
; banco_de_registradores:A1|memoria[28][19]            ; Stuck at GND due to stuck port clock_enable ;
; banco_de_registradores:A1|memoria[27][19]            ; Stuck at GND due to stuck port clock_enable ;
; banco_de_registradores:A1|memoria[26][19]            ; Stuck at GND due to stuck port clock_enable ;
; banco_de_registradores:A1|memoria[25][19]            ; Stuck at GND due to stuck port clock_enable ;
; banco_de_registradores:A1|memoria[24][19]            ; Stuck at GND due to stuck port clock_enable ;
; banco_de_registradores:A1|memoria[23][19]            ; Stuck at GND due to stuck port clock_enable ;
; banco_de_registradores:A1|memoria[22][19]            ; Stuck at GND due to stuck port clock_enable ;
; banco_de_registradores:A1|memoria[21][19]            ; Stuck at GND due to stuck port clock_enable ;
; banco_de_registradores:A1|memoria[20][19]            ; Stuck at GND due to stuck port clock_enable ;
; banco_de_registradores:A1|memoria[19][19]            ; Stuck at GND due to stuck port clock_enable ;
; banco_de_registradores:A1|memoria[18][19]            ; Stuck at GND due to stuck port clock_enable ;
; banco_de_registradores:A1|memoria[17][19]            ; Stuck at GND due to stuck port clock_enable ;
; banco_de_registradores:A1|memoria[16][19]            ; Stuck at GND due to stuck port clock_enable ;
; banco_de_registradores:A1|memoria[31][20]            ; Stuck at GND due to stuck port clock_enable ;
; banco_de_registradores:A1|memoria[30][20]            ; Stuck at GND due to stuck port clock_enable ;
; banco_de_registradores:A1|memoria[29][20]            ; Stuck at GND due to stuck port clock_enable ;
; banco_de_registradores:A1|memoria[28][20]            ; Stuck at GND due to stuck port clock_enable ;
; banco_de_registradores:A1|memoria[27][20]            ; Stuck at GND due to stuck port clock_enable ;
; banco_de_registradores:A1|memoria[26][20]            ; Stuck at GND due to stuck port clock_enable ;
; banco_de_registradores:A1|memoria[25][20]            ; Stuck at GND due to stuck port clock_enable ;
; banco_de_registradores:A1|memoria[24][20]            ; Stuck at GND due to stuck port clock_enable ;
; banco_de_registradores:A1|memoria[23][20]            ; Stuck at GND due to stuck port clock_enable ;
; banco_de_registradores:A1|memoria[22][20]            ; Stuck at GND due to stuck port clock_enable ;
; banco_de_registradores:A1|memoria[21][20]            ; Stuck at GND due to stuck port clock_enable ;
; banco_de_registradores:A1|memoria[20][20]            ; Stuck at GND due to stuck port clock_enable ;
; banco_de_registradores:A1|memoria[19][20]            ; Stuck at GND due to stuck port clock_enable ;
; banco_de_registradores:A1|memoria[18][20]            ; Stuck at GND due to stuck port clock_enable ;
; banco_de_registradores:A1|memoria[17][20]            ; Stuck at GND due to stuck port clock_enable ;
; banco_de_registradores:A1|memoria[16][20]            ; Stuck at GND due to stuck port clock_enable ;
; banco_de_registradores:A1|memoria[31][21]            ; Stuck at GND due to stuck port clock_enable ;
; banco_de_registradores:A1|memoria[30][21]            ; Stuck at GND due to stuck port clock_enable ;
; banco_de_registradores:A1|memoria[29][21]            ; Stuck at GND due to stuck port clock_enable ;
; banco_de_registradores:A1|memoria[28][21]            ; Stuck at GND due to stuck port clock_enable ;
; banco_de_registradores:A1|memoria[27][21]            ; Stuck at GND due to stuck port clock_enable ;
; banco_de_registradores:A1|memoria[26][21]            ; Stuck at GND due to stuck port clock_enable ;
; banco_de_registradores:A1|memoria[25][21]            ; Stuck at GND due to stuck port clock_enable ;
; banco_de_registradores:A1|memoria[24][21]            ; Stuck at GND due to stuck port clock_enable ;
; banco_de_registradores:A1|memoria[23][21]            ; Stuck at GND due to stuck port clock_enable ;
; banco_de_registradores:A1|memoria[22][21]            ; Stuck at GND due to stuck port clock_enable ;
; banco_de_registradores:A1|memoria[21][21]            ; Stuck at GND due to stuck port clock_enable ;
; banco_de_registradores:A1|memoria[20][21]            ; Stuck at GND due to stuck port clock_enable ;
; banco_de_registradores:A1|memoria[19][21]            ; Stuck at GND due to stuck port clock_enable ;
; banco_de_registradores:A1|memoria[18][21]            ; Stuck at GND due to stuck port clock_enable ;
; banco_de_registradores:A1|memoria[17][21]            ; Stuck at GND due to stuck port clock_enable ;
; banco_de_registradores:A1|memoria[16][21]            ; Stuck at GND due to stuck port clock_enable ;
; banco_de_registradores:A1|memoria[31][22]            ; Stuck at GND due to stuck port clock_enable ;
; banco_de_registradores:A1|memoria[30][22]            ; Stuck at GND due to stuck port clock_enable ;
; banco_de_registradores:A1|memoria[29][22]            ; Stuck at GND due to stuck port clock_enable ;
; banco_de_registradores:A1|memoria[28][22]            ; Stuck at GND due to stuck port clock_enable ;
; banco_de_registradores:A1|memoria[27][22]            ; Stuck at GND due to stuck port clock_enable ;
; banco_de_registradores:A1|memoria[26][22]            ; Stuck at GND due to stuck port clock_enable ;
; banco_de_registradores:A1|memoria[25][22]            ; Stuck at GND due to stuck port clock_enable ;
; banco_de_registradores:A1|memoria[24][22]            ; Stuck at GND due to stuck port clock_enable ;
; banco_de_registradores:A1|memoria[23][22]            ; Stuck at GND due to stuck port clock_enable ;
; banco_de_registradores:A1|memoria[22][22]            ; Stuck at GND due to stuck port clock_enable ;
; banco_de_registradores:A1|memoria[21][22]            ; Stuck at GND due to stuck port clock_enable ;
; banco_de_registradores:A1|memoria[20][22]            ; Stuck at GND due to stuck port clock_enable ;
; banco_de_registradores:A1|memoria[19][22]            ; Stuck at GND due to stuck port clock_enable ;
; banco_de_registradores:A1|memoria[18][22]            ; Stuck at GND due to stuck port clock_enable ;
; banco_de_registradores:A1|memoria[17][22]            ; Stuck at GND due to stuck port clock_enable ;
; banco_de_registradores:A1|memoria[16][22]            ; Stuck at GND due to stuck port clock_enable ;
; banco_de_registradores:A1|memoria[31][23]            ; Stuck at GND due to stuck port clock_enable ;
; banco_de_registradores:A1|memoria[30][23]            ; Stuck at GND due to stuck port clock_enable ;
; banco_de_registradores:A1|memoria[29][23]            ; Stuck at GND due to stuck port clock_enable ;
; banco_de_registradores:A1|memoria[28][23]            ; Stuck at GND due to stuck port clock_enable ;
; banco_de_registradores:A1|memoria[27][23]            ; Stuck at GND due to stuck port clock_enable ;
; banco_de_registradores:A1|memoria[26][23]            ; Stuck at GND due to stuck port clock_enable ;
; banco_de_registradores:A1|memoria[25][23]            ; Stuck at GND due to stuck port clock_enable ;
; banco_de_registradores:A1|memoria[24][23]            ; Stuck at GND due to stuck port clock_enable ;
; banco_de_registradores:A1|memoria[23][23]            ; Stuck at GND due to stuck port clock_enable ;
; banco_de_registradores:A1|memoria[22][23]            ; Stuck at GND due to stuck port clock_enable ;
; banco_de_registradores:A1|memoria[21][23]            ; Stuck at GND due to stuck port clock_enable ;
; banco_de_registradores:A1|memoria[20][23]            ; Stuck at GND due to stuck port clock_enable ;
; banco_de_registradores:A1|memoria[19][23]            ; Stuck at GND due to stuck port clock_enable ;
; banco_de_registradores:A1|memoria[18][23]            ; Stuck at GND due to stuck port clock_enable ;
; banco_de_registradores:A1|memoria[17][23]            ; Stuck at GND due to stuck port clock_enable ;
; banco_de_registradores:A1|memoria[16][23]            ; Stuck at GND due to stuck port clock_enable ;
; banco_de_registradores:A1|memoria[31][24]            ; Stuck at GND due to stuck port clock_enable ;
; banco_de_registradores:A1|memoria[30][24]            ; Stuck at GND due to stuck port clock_enable ;
; banco_de_registradores:A1|memoria[29][24]            ; Stuck at GND due to stuck port clock_enable ;
; banco_de_registradores:A1|memoria[28][24]            ; Stuck at GND due to stuck port clock_enable ;
; banco_de_registradores:A1|memoria[27][24]            ; Stuck at GND due to stuck port clock_enable ;
; banco_de_registradores:A1|memoria[26][24]            ; Stuck at GND due to stuck port clock_enable ;
; banco_de_registradores:A1|memoria[25][24]            ; Stuck at GND due to stuck port clock_enable ;
; banco_de_registradores:A1|memoria[24][24]            ; Stuck at GND due to stuck port clock_enable ;
; banco_de_registradores:A1|memoria[23][24]            ; Stuck at GND due to stuck port clock_enable ;
; banco_de_registradores:A1|memoria[22][24]            ; Stuck at GND due to stuck port clock_enable ;
; banco_de_registradores:A1|memoria[21][24]            ; Stuck at GND due to stuck port clock_enable ;
; banco_de_registradores:A1|memoria[20][24]            ; Stuck at GND due to stuck port clock_enable ;
; banco_de_registradores:A1|memoria[19][24]            ; Stuck at GND due to stuck port clock_enable ;
; banco_de_registradores:A1|memoria[18][24]            ; Stuck at GND due to stuck port clock_enable ;
; banco_de_registradores:A1|memoria[17][24]            ; Stuck at GND due to stuck port clock_enable ;
; banco_de_registradores:A1|memoria[16][24]            ; Stuck at GND due to stuck port clock_enable ;
; banco_de_registradores:A1|memoria[31][25]            ; Stuck at GND due to stuck port clock_enable ;
; banco_de_registradores:A1|memoria[30][25]            ; Stuck at GND due to stuck port clock_enable ;
; banco_de_registradores:A1|memoria[29][25]            ; Stuck at GND due to stuck port clock_enable ;
; banco_de_registradores:A1|memoria[28][25]            ; Stuck at GND due to stuck port clock_enable ;
; banco_de_registradores:A1|memoria[27][25]            ; Stuck at GND due to stuck port clock_enable ;
; banco_de_registradores:A1|memoria[26][25]            ; Stuck at GND due to stuck port clock_enable ;
; banco_de_registradores:A1|memoria[25][25]            ; Stuck at GND due to stuck port clock_enable ;
; banco_de_registradores:A1|memoria[24][25]            ; Stuck at GND due to stuck port clock_enable ;
; banco_de_registradores:A1|memoria[23][25]            ; Stuck at GND due to stuck port clock_enable ;
; banco_de_registradores:A1|memoria[22][25]            ; Stuck at GND due to stuck port clock_enable ;
; banco_de_registradores:A1|memoria[21][25]            ; Stuck at GND due to stuck port clock_enable ;
; banco_de_registradores:A1|memoria[20][25]            ; Stuck at GND due to stuck port clock_enable ;
; banco_de_registradores:A1|memoria[19][25]            ; Stuck at GND due to stuck port clock_enable ;
; banco_de_registradores:A1|memoria[18][25]            ; Stuck at GND due to stuck port clock_enable ;
; banco_de_registradores:A1|memoria[17][25]            ; Stuck at GND due to stuck port clock_enable ;
; banco_de_registradores:A1|memoria[16][25]            ; Stuck at GND due to stuck port clock_enable ;
; banco_de_registradores:A1|memoria[31][26]            ; Stuck at GND due to stuck port clock_enable ;
; banco_de_registradores:A1|memoria[30][26]            ; Stuck at GND due to stuck port clock_enable ;
; banco_de_registradores:A1|memoria[29][26]            ; Stuck at GND due to stuck port clock_enable ;
; banco_de_registradores:A1|memoria[28][26]            ; Stuck at GND due to stuck port clock_enable ;
; banco_de_registradores:A1|memoria[27][26]            ; Stuck at GND due to stuck port clock_enable ;
; banco_de_registradores:A1|memoria[26][26]            ; Stuck at GND due to stuck port clock_enable ;
; banco_de_registradores:A1|memoria[25][26]            ; Stuck at GND due to stuck port clock_enable ;
; banco_de_registradores:A1|memoria[24][26]            ; Stuck at GND due to stuck port clock_enable ;
; banco_de_registradores:A1|memoria[23][26]            ; Stuck at GND due to stuck port clock_enable ;
; banco_de_registradores:A1|memoria[22][26]            ; Stuck at GND due to stuck port clock_enable ;
; banco_de_registradores:A1|memoria[21][26]            ; Stuck at GND due to stuck port clock_enable ;
; banco_de_registradores:A1|memoria[20][26]            ; Stuck at GND due to stuck port clock_enable ;
; banco_de_registradores:A1|memoria[19][26]            ; Stuck at GND due to stuck port clock_enable ;
; banco_de_registradores:A1|memoria[18][26]            ; Stuck at GND due to stuck port clock_enable ;
; banco_de_registradores:A1|memoria[17][26]            ; Stuck at GND due to stuck port clock_enable ;
; banco_de_registradores:A1|memoria[16][26]            ; Stuck at GND due to stuck port clock_enable ;
; banco_de_registradores:A1|memoria[31][27]            ; Stuck at GND due to stuck port clock_enable ;
; banco_de_registradores:A1|memoria[30][27]            ; Stuck at GND due to stuck port clock_enable ;
; banco_de_registradores:A1|memoria[29][27]            ; Stuck at GND due to stuck port clock_enable ;
; banco_de_registradores:A1|memoria[28][27]            ; Stuck at GND due to stuck port clock_enable ;
; banco_de_registradores:A1|memoria[27][27]            ; Stuck at GND due to stuck port clock_enable ;
; banco_de_registradores:A1|memoria[26][27]            ; Stuck at GND due to stuck port clock_enable ;
; banco_de_registradores:A1|memoria[25][27]            ; Stuck at GND due to stuck port clock_enable ;
; banco_de_registradores:A1|memoria[24][27]            ; Stuck at GND due to stuck port clock_enable ;
; banco_de_registradores:A1|memoria[23][27]            ; Stuck at GND due to stuck port clock_enable ;
; banco_de_registradores:A1|memoria[22][27]            ; Stuck at GND due to stuck port clock_enable ;
; banco_de_registradores:A1|memoria[21][27]            ; Stuck at GND due to stuck port clock_enable ;
; banco_de_registradores:A1|memoria[20][27]            ; Stuck at GND due to stuck port clock_enable ;
; banco_de_registradores:A1|memoria[19][27]            ; Stuck at GND due to stuck port clock_enable ;
; banco_de_registradores:A1|memoria[18][27]            ; Stuck at GND due to stuck port clock_enable ;
; banco_de_registradores:A1|memoria[17][27]            ; Stuck at GND due to stuck port clock_enable ;
; banco_de_registradores:A1|memoria[16][27]            ; Stuck at GND due to stuck port clock_enable ;
; banco_de_registradores:A1|memoria[31][28]            ; Stuck at GND due to stuck port clock_enable ;
; banco_de_registradores:A1|memoria[30][28]            ; Stuck at GND due to stuck port clock_enable ;
; banco_de_registradores:A1|memoria[29][28]            ; Stuck at GND due to stuck port clock_enable ;
; banco_de_registradores:A1|memoria[28][28]            ; Stuck at GND due to stuck port clock_enable ;
; banco_de_registradores:A1|memoria[27][28]            ; Stuck at GND due to stuck port clock_enable ;
; banco_de_registradores:A1|memoria[26][28]            ; Stuck at GND due to stuck port clock_enable ;
; banco_de_registradores:A1|memoria[25][28]            ; Stuck at GND due to stuck port clock_enable ;
; banco_de_registradores:A1|memoria[24][28]            ; Stuck at GND due to stuck port clock_enable ;
; banco_de_registradores:A1|memoria[23][28]            ; Stuck at GND due to stuck port clock_enable ;
; banco_de_registradores:A1|memoria[22][28]            ; Stuck at GND due to stuck port clock_enable ;
; banco_de_registradores:A1|memoria[21][28]            ; Stuck at GND due to stuck port clock_enable ;
; banco_de_registradores:A1|memoria[20][28]            ; Stuck at GND due to stuck port clock_enable ;
; banco_de_registradores:A1|memoria[19][28]            ; Stuck at GND due to stuck port clock_enable ;
; banco_de_registradores:A1|memoria[18][28]            ; Stuck at GND due to stuck port clock_enable ;
; banco_de_registradores:A1|memoria[17][28]            ; Stuck at GND due to stuck port clock_enable ;
; banco_de_registradores:A1|memoria[16][28]            ; Stuck at GND due to stuck port clock_enable ;
; banco_de_registradores:A1|memoria[31][29]            ; Stuck at GND due to stuck port clock_enable ;
; banco_de_registradores:A1|memoria[30][29]            ; Stuck at GND due to stuck port clock_enable ;
; banco_de_registradores:A1|memoria[29][29]            ; Stuck at GND due to stuck port clock_enable ;
; banco_de_registradores:A1|memoria[28][29]            ; Stuck at GND due to stuck port clock_enable ;
; banco_de_registradores:A1|memoria[27][29]            ; Stuck at GND due to stuck port clock_enable ;
; banco_de_registradores:A1|memoria[26][29]            ; Stuck at GND due to stuck port clock_enable ;
; banco_de_registradores:A1|memoria[25][29]            ; Stuck at GND due to stuck port clock_enable ;
; banco_de_registradores:A1|memoria[24][29]            ; Stuck at GND due to stuck port clock_enable ;
; banco_de_registradores:A1|memoria[23][29]            ; Stuck at GND due to stuck port clock_enable ;
; banco_de_registradores:A1|memoria[22][29]            ; Stuck at GND due to stuck port clock_enable ;
; banco_de_registradores:A1|memoria[21][29]            ; Stuck at GND due to stuck port clock_enable ;
; banco_de_registradores:A1|memoria[20][29]            ; Stuck at GND due to stuck port clock_enable ;
; banco_de_registradores:A1|memoria[19][29]            ; Stuck at GND due to stuck port clock_enable ;
; banco_de_registradores:A1|memoria[18][29]            ; Stuck at GND due to stuck port clock_enable ;
; banco_de_registradores:A1|memoria[17][29]            ; Stuck at GND due to stuck port clock_enable ;
; banco_de_registradores:A1|memoria[16][29]            ; Stuck at GND due to stuck port clock_enable ;
; banco_de_registradores:A1|memoria[31][30]            ; Stuck at GND due to stuck port clock_enable ;
; banco_de_registradores:A1|memoria[30][30]            ; Stuck at GND due to stuck port clock_enable ;
; banco_de_registradores:A1|memoria[29][30]            ; Stuck at GND due to stuck port clock_enable ;
; banco_de_registradores:A1|memoria[28][30]            ; Stuck at GND due to stuck port clock_enable ;
; banco_de_registradores:A1|memoria[27][30]            ; Stuck at GND due to stuck port clock_enable ;
; banco_de_registradores:A1|memoria[26][30]            ; Stuck at GND due to stuck port clock_enable ;
; banco_de_registradores:A1|memoria[25][30]            ; Stuck at GND due to stuck port clock_enable ;
; banco_de_registradores:A1|memoria[24][30]            ; Stuck at GND due to stuck port clock_enable ;
; banco_de_registradores:A1|memoria[23][30]            ; Stuck at GND due to stuck port clock_enable ;
; banco_de_registradores:A1|memoria[22][30]            ; Stuck at GND due to stuck port clock_enable ;
; banco_de_registradores:A1|memoria[21][30]            ; Stuck at GND due to stuck port clock_enable ;
; banco_de_registradores:A1|memoria[20][30]            ; Stuck at GND due to stuck port clock_enable ;
; banco_de_registradores:A1|memoria[19][30]            ; Stuck at GND due to stuck port clock_enable ;
; banco_de_registradores:A1|memoria[18][30]            ; Stuck at GND due to stuck port clock_enable ;
; banco_de_registradores:A1|memoria[17][30]            ; Stuck at GND due to stuck port clock_enable ;
; banco_de_registradores:A1|memoria[16][30]            ; Stuck at GND due to stuck port clock_enable ;
; banco_de_registradores:A1|memoria[31][31]            ; Stuck at GND due to stuck port clock_enable ;
; banco_de_registradores:A1|memoria[30][31]            ; Stuck at GND due to stuck port clock_enable ;
; banco_de_registradores:A1|memoria[29][31]            ; Stuck at GND due to stuck port clock_enable ;
; banco_de_registradores:A1|memoria[28][31]            ; Stuck at GND due to stuck port clock_enable ;
; banco_de_registradores:A1|memoria[27][31]            ; Stuck at GND due to stuck port clock_enable ;
; banco_de_registradores:A1|memoria[26][31]            ; Stuck at GND due to stuck port clock_enable ;
; banco_de_registradores:A1|memoria[25][31]            ; Stuck at GND due to stuck port clock_enable ;
; banco_de_registradores:A1|memoria[24][31]            ; Stuck at GND due to stuck port clock_enable ;
; banco_de_registradores:A1|memoria[23][31]            ; Stuck at GND due to stuck port clock_enable ;
; banco_de_registradores:A1|memoria[22][31]            ; Stuck at GND due to stuck port clock_enable ;
; banco_de_registradores:A1|memoria[21][31]            ; Stuck at GND due to stuck port clock_enable ;
; banco_de_registradores:A1|memoria[20][31]            ; Stuck at GND due to stuck port clock_enable ;
; banco_de_registradores:A1|memoria[19][31]            ; Stuck at GND due to stuck port clock_enable ;
; banco_de_registradores:A1|memoria[18][31]            ; Stuck at GND due to stuck port clock_enable ;
; banco_de_registradores:A1|memoria[17][31]            ; Stuck at GND due to stuck port clock_enable ;
; banco_de_registradores:A1|memoria[16][31]            ; Stuck at GND due to stuck port clock_enable ;
; memoria_de_instrucoes:B1|q[8,9]                      ; Merged with memoria_de_instrucoes:B1|q[7]   ;
; memoria_de_instrucoes:B1|q[31]                       ; Merged with memoria_de_instrucoes:B1|q[30]  ;
; Total Number of Removed Registers = 522              ;                                             ;
+------------------------------------------------------+---------------------------------------------+


+--------------------------------------------------------------------------------------------------------------------------------------------------+
; Removed Registers Triggering Further Register Optimizations                                                                                      ;
+--------------------------------+---------------------------+-------------------------------------------------------------------------------------+
; Register name                  ; Reason for Removal        ; Registers Removed due to This Register                                              ;
+--------------------------------+---------------------------+-------------------------------------------------------------------------------------+
; memoria_de_instrucoes:B1|q[14] ; Stuck at GND              ; banco_de_registradores:A1|memoria_rtl_0_bypass[9],                                  ;
;                                ; due to stuck port data_in ; banco_de_registradores:A1|memoria_rtl_1_bypass[9],                                  ;
;                                ;                           ; banco_de_registradores:A1|memoria[31][0], banco_de_registradores:A1|memoria[30][0], ;
;                                ;                           ; banco_de_registradores:A1|memoria[29][0], banco_de_registradores:A1|memoria[28][0], ;
;                                ;                           ; banco_de_registradores:A1|memoria[27][0], banco_de_registradores:A1|memoria[26][0], ;
;                                ;                           ; banco_de_registradores:A1|memoria[25][0], banco_de_registradores:A1|memoria[24][0], ;
;                                ;                           ; banco_de_registradores:A1|memoria[23][0], banco_de_registradores:A1|memoria[22][0], ;
;                                ;                           ; banco_de_registradores:A1|memoria[21][0], banco_de_registradores:A1|memoria[20][0], ;
;                                ;                           ; banco_de_registradores:A1|memoria[19][0], banco_de_registradores:A1|memoria[18][0], ;
;                                ;                           ; banco_de_registradores:A1|memoria[17][0], banco_de_registradores:A1|memoria[16][0], ;
;                                ;                           ; banco_de_registradores:A1|memoria[31][1], banco_de_registradores:A1|memoria[30][1], ;
;                                ;                           ; banco_de_registradores:A1|memoria[29][1], banco_de_registradores:A1|memoria[28][1], ;
;                                ;                           ; banco_de_registradores:A1|memoria[27][1], banco_de_registradores:A1|memoria[26][1], ;
;                                ;                           ; banco_de_registradores:A1|memoria[25][1], banco_de_registradores:A1|memoria[24][1], ;
;                                ;                           ; banco_de_registradores:A1|memoria[31][2], banco_de_registradores:A1|memoria[30][2], ;
;                                ;                           ; banco_de_registradores:A1|memoria[29][2], banco_de_registradores:A1|memoria[28][2], ;
;                                ;                           ; banco_de_registradores:A1|memoria[27][2], banco_de_registradores:A1|memoria[26][2], ;
;                                ;                           ; banco_de_registradores:A1|memoria[25][2], banco_de_registradores:A1|memoria[24][2], ;
;                                ;                           ; banco_de_registradores:A1|memoria[31][3], banco_de_registradores:A1|memoria[30][3], ;
;                                ;                           ; banco_de_registradores:A1|memoria[29][3], banco_de_registradores:A1|memoria[28][3], ;
;                                ;                           ; banco_de_registradores:A1|memoria[27][3], banco_de_registradores:A1|memoria[26][3], ;
;                                ;                           ; banco_de_registradores:A1|memoria[25][3], banco_de_registradores:A1|memoria[24][3], ;
;                                ;                           ; banco_de_registradores:A1|memoria[31][4], banco_de_registradores:A1|memoria[30][4], ;
;                                ;                           ; banco_de_registradores:A1|memoria[29][4], banco_de_registradores:A1|memoria[28][4], ;
;                                ;                           ; banco_de_registradores:A1|memoria[27][4], banco_de_registradores:A1|memoria[26][4], ;
;                                ;                           ; banco_de_registradores:A1|memoria[25][4], banco_de_registradores:A1|memoria[24][4], ;
;                                ;                           ; banco_de_registradores:A1|memoria[31][5], banco_de_registradores:A1|memoria[30][5], ;
;                                ;                           ; banco_de_registradores:A1|memoria[29][5], banco_de_registradores:A1|memoria[28][5], ;
;                                ;                           ; banco_de_registradores:A1|memoria[27][5], banco_de_registradores:A1|memoria[26][5], ;
;                                ;                           ; banco_de_registradores:A1|memoria[25][5], banco_de_registradores:A1|memoria[24][5], ;
;                                ;                           ; banco_de_registradores:A1|memoria[23][5], banco_de_registradores:A1|memoria[22][5], ;
;                                ;                           ; banco_de_registradores:A1|memoria[21][5], banco_de_registradores:A1|memoria[20][5], ;
;                                ;                           ; banco_de_registradores:A1|memoria[19][5], banco_de_registradores:A1|memoria[18][5], ;
;                                ;                           ; banco_de_registradores:A1|memoria[17][5], banco_de_registradores:A1|memoria[16][5], ;
;                                ;                           ; banco_de_registradores:A1|memoria[31][6], banco_de_registradores:A1|memoria[30][6], ;
;                                ;                           ; banco_de_registradores:A1|memoria[29][6], banco_de_registradores:A1|memoria[28][6], ;
;                                ;                           ; banco_de_registradores:A1|memoria[27][6], banco_de_registradores:A1|memoria[26][6], ;
;                                ;                           ; banco_de_registradores:A1|memoria[25][6], banco_de_registradores:A1|memoria[24][6], ;
;                                ;                           ; banco_de_registradores:A1|memoria[23][6], banco_de_registradores:A1|memoria[22][6], ;
;                                ;                           ; banco_de_registradores:A1|memoria[21][6], banco_de_registradores:A1|memoria[20][6], ;
;                                ;                           ; banco_de_registradores:A1|memoria[19][6], banco_de_registradores:A1|memoria[18][6], ;
;                                ;                           ; banco_de_registradores:A1|memoria[17][6], banco_de_registradores:A1|memoria[16][6], ;
;                                ;                           ; banco_de_registradores:A1|memoria[31][7], banco_de_registradores:A1|memoria[30][7], ;
;                                ;                           ; banco_de_registradores:A1|memoria[29][7], banco_de_registradores:A1|memoria[28][7], ;
;                                ;                           ; banco_de_registradores:A1|memoria[27][7], banco_de_registradores:A1|memoria[26][7], ;
;                                ;                           ; banco_de_registradores:A1|memoria[25][7], banco_de_registradores:A1|memoria[24][7], ;
;                                ;                           ; banco_de_registradores:A1|memoria[23][7], banco_de_registradores:A1|memoria[22][7], ;
;                                ;                           ; banco_de_registradores:A1|memoria[21][7], banco_de_registradores:A1|memoria[20][7], ;
;                                ;                           ; banco_de_registradores:A1|memoria[19][7], banco_de_registradores:A1|memoria[18][7], ;
;                                ;                           ; banco_de_registradores:A1|memoria[17][7], banco_de_registradores:A1|memoria[16][7], ;
;                                ;                           ; banco_de_registradores:A1|memoria[31][8], banco_de_registradores:A1|memoria[30][8], ;
;                                ;                           ; banco_de_registradores:A1|memoria[29][8], banco_de_registradores:A1|memoria[28][8], ;
;                                ;                           ; banco_de_registradores:A1|memoria[27][8], banco_de_registradores:A1|memoria[26][8], ;
;                                ;                           ; banco_de_registradores:A1|memoria[25][8], banco_de_registradores:A1|memoria[24][8], ;
;                                ;                           ; banco_de_registradores:A1|memoria[23][8], banco_de_registradores:A1|memoria[22][8], ;
;                                ;                           ; banco_de_registradores:A1|memoria[21][8], banco_de_registradores:A1|memoria[20][8], ;
;                                ;                           ; banco_de_registradores:A1|memoria[19][8], banco_de_registradores:A1|memoria[18][8], ;
;                                ;                           ; banco_de_registradores:A1|memoria[17][8], banco_de_registradores:A1|memoria[16][8], ;
;                                ;                           ; banco_de_registradores:A1|memoria[31][9], banco_de_registradores:A1|memoria[30][9], ;
;                                ;                           ; banco_de_registradores:A1|memoria[29][9], banco_de_registradores:A1|memoria[28][9], ;
;                                ;                           ; banco_de_registradores:A1|memoria[27][9], banco_de_registradores:A1|memoria[26][9], ;
;                                ;                           ; banco_de_registradores:A1|memoria[25][9], banco_de_registradores:A1|memoria[24][9], ;
;                                ;                           ; banco_de_registradores:A1|memoria[23][9], banco_de_registradores:A1|memoria[22][9], ;
;                                ;                           ; banco_de_registradores:A1|memoria[21][9], banco_de_registradores:A1|memoria[20][9], ;
;                                ;                           ; banco_de_registradores:A1|memoria[19][9], banco_de_registradores:A1|memoria[18][9], ;
;                                ;                           ; banco_de_registradores:A1|memoria[17][9], banco_de_registradores:A1|memoria[16][9], ;
;                                ;                           ; banco_de_registradores:A1|memoria[31][10],                                          ;
;                                ;                           ; banco_de_registradores:A1|memoria[30][10],                                          ;
;                                ;                           ; banco_de_registradores:A1|memoria[29][10],                                          ;
;                                ;                           ; banco_de_registradores:A1|memoria[28][10],                                          ;
;                                ;                           ; banco_de_registradores:A1|memoria[27][10],                                          ;
;                                ;                           ; banco_de_registradores:A1|memoria[26][10],                                          ;
;                                ;                           ; banco_de_registradores:A1|memoria[25][10],                                          ;
;                                ;                           ; banco_de_registradores:A1|memoria[24][10],                                          ;
;                                ;                           ; banco_de_registradores:A1|memoria[23][10],                                          ;
;                                ;                           ; banco_de_registradores:A1|memoria[22][10],                                          ;
;                                ;                           ; banco_de_registradores:A1|memoria[21][10],                                          ;
;                                ;                           ; banco_de_registradores:A1|memoria[20][10],                                          ;
;                                ;                           ; banco_de_registradores:A1|memoria[19][10],                                          ;
;                                ;                           ; banco_de_registradores:A1|memoria[18][10],                                          ;
;                                ;                           ; banco_de_registradores:A1|memoria[17][10],                                          ;
;                                ;                           ; banco_de_registradores:A1|memoria[16][10],                                          ;
;                                ;                           ; banco_de_registradores:A1|memoria[31][11],                                          ;
;                                ;                           ; banco_de_registradores:A1|memoria[30][11],                                          ;
;                                ;                           ; banco_de_registradores:A1|memoria[29][11],                                          ;
;                                ;                           ; banco_de_registradores:A1|memoria[28][11],                                          ;
;                                ;                           ; banco_de_registradores:A1|memoria[27][11],                                          ;
;                                ;                           ; banco_de_registradores:A1|memoria[26][11],                                          ;
;                                ;                           ; banco_de_registradores:A1|memoria[25][11],                                          ;
;                                ;                           ; banco_de_registradores:A1|memoria[24][11],                                          ;
;                                ;                           ; banco_de_registradores:A1|memoria[23][11],                                          ;
;                                ;                           ; banco_de_registradores:A1|memoria[22][11],                                          ;
;                                ;                           ; banco_de_registradores:A1|memoria[21][11],                                          ;
;                                ;                           ; banco_de_registradores:A1|memoria[20][11],                                          ;
;                                ;                           ; banco_de_registradores:A1|memoria[19][11],                                          ;
;                                ;                           ; banco_de_registradores:A1|memoria[18][11],                                          ;
;                                ;                           ; banco_de_registradores:A1|memoria[17][11],                                          ;
;                                ;                           ; banco_de_registradores:A1|memoria[16][11],                                          ;
;                                ;                           ; banco_de_registradores:A1|memoria[31][12],                                          ;
;                                ;                           ; banco_de_registradores:A1|memoria[30][12],                                          ;
;                                ;                           ; banco_de_registradores:A1|memoria[29][12],                                          ;
;                                ;                           ; banco_de_registradores:A1|memoria[28][12],                                          ;
;                                ;                           ; banco_de_registradores:A1|memoria[27][12],                                          ;
;                                ;                           ; banco_de_registradores:A1|memoria[26][12],                                          ;
;                                ;                           ; banco_de_registradores:A1|memoria[25][12],                                          ;
;                                ;                           ; banco_de_registradores:A1|memoria[24][12],                                          ;
;                                ;                           ; banco_de_registradores:A1|memoria[23][12],                                          ;
;                                ;                           ; banco_de_registradores:A1|memoria[22][12],                                          ;
;                                ;                           ; banco_de_registradores:A1|memoria[21][12],                                          ;
;                                ;                           ; banco_de_registradores:A1|memoria[20][12],                                          ;
;                                ;                           ; banco_de_registradores:A1|memoria[19][12],                                          ;
;                                ;                           ; banco_de_registradores:A1|memoria[18][12],                                          ;
;                                ;                           ; banco_de_registradores:A1|memoria[17][12],                                          ;
;                                ;                           ; banco_de_registradores:A1|memoria[16][12],                                          ;
;                                ;                           ; banco_de_registradores:A1|memoria[31][13],                                          ;
;                                ;                           ; banco_de_registradores:A1|memoria[30][13],                                          ;
;                                ;                           ; banco_de_registradores:A1|memoria[29][13],                                          ;
;                                ;                           ; banco_de_registradores:A1|memoria[28][13],                                          ;
;                                ;                           ; banco_de_registradores:A1|memoria[27][13],                                          ;
;                                ;                           ; banco_de_registradores:A1|memoria[26][13],                                          ;
;                                ;                           ; banco_de_registradores:A1|memoria[25][13],                                          ;
;                                ;                           ; banco_de_registradores:A1|memoria[24][13],                                          ;
;                                ;                           ; banco_de_registradores:A1|memoria[23][13],                                          ;
;                                ;                           ; banco_de_registradores:A1|memoria[22][13],                                          ;
;                                ;                           ; banco_de_registradores:A1|memoria[21][13],                                          ;
;                                ;                           ; banco_de_registradores:A1|memoria[20][13],                                          ;
;                                ;                           ; banco_de_registradores:A1|memoria[19][13],                                          ;
;                                ;                           ; banco_de_registradores:A1|memoria[18][13],                                          ;
;                                ;                           ; banco_de_registradores:A1|memoria[17][13],                                          ;
;                                ;                           ; banco_de_registradores:A1|memoria[16][13],                                          ;
;                                ;                           ; banco_de_registradores:A1|memoria[31][14],                                          ;
;                                ;                           ; banco_de_registradores:A1|memoria[30][14],                                          ;
;                                ;                           ; banco_de_registradores:A1|memoria[29][14],                                          ;
;                                ;                           ; banco_de_registradores:A1|memoria[28][14],                                          ;
;                                ;                           ; banco_de_registradores:A1|memoria[27][14],                                          ;
;                                ;                           ; banco_de_registradores:A1|memoria[26][14],                                          ;
;                                ;                           ; banco_de_registradores:A1|memoria[25][14],                                          ;
;                                ;                           ; banco_de_registradores:A1|memoria[24][14],                                          ;
;                                ;                           ; banco_de_registradores:A1|memoria[23][14],                                          ;
;                                ;                           ; banco_de_registradores:A1|memoria[22][14],                                          ;
;                                ;                           ; banco_de_registradores:A1|memoria[21][14],                                          ;
;                                ;                           ; banco_de_registradores:A1|memoria[20][14],                                          ;
;                                ;                           ; banco_de_registradores:A1|memoria[19][14],                                          ;
;                                ;                           ; banco_de_registradores:A1|memoria[18][14],                                          ;
;                                ;                           ; banco_de_registradores:A1|memoria[17][14],                                          ;
;                                ;                           ; banco_de_registradores:A1|memoria[16][14],                                          ;
;                                ;                           ; banco_de_registradores:A1|memoria[31][15],                                          ;
;                                ;                           ; banco_de_registradores:A1|memoria[30][15],                                          ;
;                                ;                           ; banco_de_registradores:A1|memoria[29][15],                                          ;
;                                ;                           ; banco_de_registradores:A1|memoria[28][15],                                          ;
;                                ;                           ; banco_de_registradores:A1|memoria[27][15],                                          ;
;                                ;                           ; banco_de_registradores:A1|memoria[26][15],                                          ;
;                                ;                           ; banco_de_registradores:A1|memoria[25][15],                                          ;
;                                ;                           ; banco_de_registradores:A1|memoria[24][15],                                          ;
;                                ;                           ; banco_de_registradores:A1|memoria[23][15],                                          ;
;                                ;                           ; banco_de_registradores:A1|memoria[22][15],                                          ;
;                                ;                           ; banco_de_registradores:A1|memoria[21][15],                                          ;
;                                ;                           ; banco_de_registradores:A1|memoria[20][15],                                          ;
;                                ;                           ; banco_de_registradores:A1|memoria[19][15],                                          ;
;                                ;                           ; banco_de_registradores:A1|memoria[18][15],                                          ;
;                                ;                           ; banco_de_registradores:A1|memoria[17][15],                                          ;
;                                ;                           ; banco_de_registradores:A1|memoria[16][15],                                          ;
;                                ;                           ; banco_de_registradores:A1|memoria[31][16],                                          ;
;                                ;                           ; banco_de_registradores:A1|memoria[30][16],                                          ;
;                                ;                           ; banco_de_registradores:A1|memoria[29][16],                                          ;
;                                ;                           ; banco_de_registradores:A1|memoria[28][16],                                          ;
;                                ;                           ; banco_de_registradores:A1|memoria[27][16],                                          ;
;                                ;                           ; banco_de_registradores:A1|memoria[26][16],                                          ;
;                                ;                           ; banco_de_registradores:A1|memoria[25][16],                                          ;
;                                ;                           ; banco_de_registradores:A1|memoria[24][16],                                          ;
;                                ;                           ; banco_de_registradores:A1|memoria[23][16],                                          ;
;                                ;                           ; banco_de_registradores:A1|memoria[22][16],                                          ;
;                                ;                           ; banco_de_registradores:A1|memoria[21][16],                                          ;
;                                ;                           ; banco_de_registradores:A1|memoria[20][16],                                          ;
;                                ;                           ; banco_de_registradores:A1|memoria[19][16],                                          ;
;                                ;                           ; banco_de_registradores:A1|memoria[18][16],                                          ;
;                                ;                           ; banco_de_registradores:A1|memoria[17][16],                                          ;
;                                ;                           ; banco_de_registradores:A1|memoria[16][16],                                          ;
;                                ;                           ; banco_de_registradores:A1|memoria[31][17],                                          ;
;                                ;                           ; banco_de_registradores:A1|memoria[30][17],                                          ;
;                                ;                           ; banco_de_registradores:A1|memoria[29][17],                                          ;
;                                ;                           ; banco_de_registradores:A1|memoria[28][17],                                          ;
;                                ;                           ; banco_de_registradores:A1|memoria[27][17],                                          ;
;                                ;                           ; banco_de_registradores:A1|memoria[26][17],                                          ;
;                                ;                           ; banco_de_registradores:A1|memoria[25][17],                                          ;
;                                ;                           ; banco_de_registradores:A1|memoria[24][17],                                          ;
;                                ;                           ; banco_de_registradores:A1|memoria[23][17],                                          ;
;                                ;                           ; banco_de_registradores:A1|memoria[22][17],                                          ;
;                                ;                           ; banco_de_registradores:A1|memoria[21][17],                                          ;
;                                ;                           ; banco_de_registradores:A1|memoria[20][17],                                          ;
;                                ;                           ; banco_de_registradores:A1|memoria[19][17],                                          ;
;                                ;                           ; banco_de_registradores:A1|memoria[18][17],                                          ;
;                                ;                           ; banco_de_registradores:A1|memoria[17][17],                                          ;
;                                ;                           ; banco_de_registradores:A1|memoria[16][17],                                          ;
;                                ;                           ; banco_de_registradores:A1|memoria[31][18],                                          ;
;                                ;                           ; banco_de_registradores:A1|memoria[30][18],                                          ;
;                                ;                           ; banco_de_registradores:A1|memoria[29][18],                                          ;
;                                ;                           ; banco_de_registradores:A1|memoria[28][18],                                          ;
;                                ;                           ; banco_de_registradores:A1|memoria[27][18],                                          ;
;                                ;                           ; banco_de_registradores:A1|memoria[26][18],                                          ;
;                                ;                           ; banco_de_registradores:A1|memoria[25][18],                                          ;
;                                ;                           ; banco_de_registradores:A1|memoria[24][18],                                          ;
;                                ;                           ; banco_de_registradores:A1|memoria[23][18],                                          ;
;                                ;                           ; banco_de_registradores:A1|memoria[22][18],                                          ;
;                                ;                           ; banco_de_registradores:A1|memoria[21][18],                                          ;
;                                ;                           ; banco_de_registradores:A1|memoria[20][18],                                          ;
;                                ;                           ; banco_de_registradores:A1|memoria[19][18],                                          ;
;                                ;                           ; banco_de_registradores:A1|memoria[18][18],                                          ;
;                                ;                           ; banco_de_registradores:A1|memoria[17][18],                                          ;
;                                ;                           ; banco_de_registradores:A1|memoria[16][18],                                          ;
;                                ;                           ; banco_de_registradores:A1|memoria[31][19],                                          ;
;                                ;                           ; banco_de_registradores:A1|memoria[30][19],                                          ;
;                                ;                           ; banco_de_registradores:A1|memoria[29][19],                                          ;
;                                ;                           ; banco_de_registradores:A1|memoria[28][19],                                          ;
;                                ;                           ; banco_de_registradores:A1|memoria[27][19],                                          ;
;                                ;                           ; banco_de_registradores:A1|memoria[26][19],                                          ;
;                                ;                           ; banco_de_registradores:A1|memoria[25][19],                                          ;
;                                ;                           ; banco_de_registradores:A1|memoria[24][19],                                          ;
;                                ;                           ; banco_de_registradores:A1|memoria[31][20],                                          ;
;                                ;                           ; banco_de_registradores:A1|memoria[30][20],                                          ;
;                                ;                           ; banco_de_registradores:A1|memoria[29][20],                                          ;
;                                ;                           ; banco_de_registradores:A1|memoria[28][20],                                          ;
;                                ;                           ; banco_de_registradores:A1|memoria[27][20],                                          ;
;                                ;                           ; banco_de_registradores:A1|memoria[26][20],                                          ;
;                                ;                           ; banco_de_registradores:A1|memoria[25][20],                                          ;
;                                ;                           ; banco_de_registradores:A1|memoria[24][20],                                          ;
;                                ;                           ; banco_de_registradores:A1|memoria[23][20],                                          ;
;                                ;                           ; banco_de_registradores:A1|memoria[22][20],                                          ;
;                                ;                           ; banco_de_registradores:A1|memoria[21][20],                                          ;
;                                ;                           ; banco_de_registradores:A1|memoria[20][20],                                          ;
;                                ;                           ; banco_de_registradores:A1|memoria[19][20],                                          ;
;                                ;                           ; banco_de_registradores:A1|memoria[18][20],                                          ;
;                                ;                           ; banco_de_registradores:A1|memoria[17][20],                                          ;
;                                ;                           ; banco_de_registradores:A1|memoria[16][20],                                          ;
;                                ;                           ; banco_de_registradores:A1|memoria[31][21],                                          ;
;                                ;                           ; banco_de_registradores:A1|memoria[30][21],                                          ;
;                                ;                           ; banco_de_registradores:A1|memoria[29][21],                                          ;
;                                ;                           ; banco_de_registradores:A1|memoria[28][21],                                          ;
;                                ;                           ; banco_de_registradores:A1|memoria[27][21],                                          ;
;                                ;                           ; banco_de_registradores:A1|memoria[26][21],                                          ;
;                                ;                           ; banco_de_registradores:A1|memoria[25][21],                                          ;
;                                ;                           ; banco_de_registradores:A1|memoria[24][21],                                          ;
;                                ;                           ; banco_de_registradores:A1|memoria[23][21],                                          ;
;                                ;                           ; banco_de_registradores:A1|memoria[22][21],                                          ;
;                                ;                           ; banco_de_registradores:A1|memoria[21][21],                                          ;
;                                ;                           ; banco_de_registradores:A1|memoria[20][21],                                          ;
;                                ;                           ; banco_de_registradores:A1|memoria[19][21],                                          ;
;                                ;                           ; banco_de_registradores:A1|memoria[18][21],                                          ;
;                                ;                           ; banco_de_registradores:A1|memoria[17][21],                                          ;
;                                ;                           ; banco_de_registradores:A1|memoria[16][21],                                          ;
;                                ;                           ; banco_de_registradores:A1|memoria[31][22],                                          ;
;                                ;                           ; banco_de_registradores:A1|memoria[30][22],                                          ;
;                                ;                           ; banco_de_registradores:A1|memoria[29][22],                                          ;
;                                ;                           ; banco_de_registradores:A1|memoria[28][22],                                          ;
;                                ;                           ; banco_de_registradores:A1|memoria[27][22],                                          ;
;                                ;                           ; banco_de_registradores:A1|memoria[26][22],                                          ;
;                                ;                           ; banco_de_registradores:A1|memoria[25][22],                                          ;
;                                ;                           ; banco_de_registradores:A1|memoria[24][22],                                          ;
;                                ;                           ; banco_de_registradores:A1|memoria[23][22],                                          ;
;                                ;                           ; banco_de_registradores:A1|memoria[22][22],                                          ;
;                                ;                           ; banco_de_registradores:A1|memoria[21][22],                                          ;
;                                ;                           ; banco_de_registradores:A1|memoria[20][22],                                          ;
;                                ;                           ; banco_de_registradores:A1|memoria[19][22],                                          ;
;                                ;                           ; banco_de_registradores:A1|memoria[18][22],                                          ;
;                                ;                           ; banco_de_registradores:A1|memoria[17][22],                                          ;
;                                ;                           ; banco_de_registradores:A1|memoria[16][22],                                          ;
;                                ;                           ; banco_de_registradores:A1|memoria[31][23],                                          ;
;                                ;                           ; banco_de_registradores:A1|memoria[30][23],                                          ;
;                                ;                           ; banco_de_registradores:A1|memoria[29][23],                                          ;
;                                ;                           ; banco_de_registradores:A1|memoria[28][23],                                          ;
;                                ;                           ; banco_de_registradores:A1|memoria[27][23],                                          ;
;                                ;                           ; banco_de_registradores:A1|memoria[26][23],                                          ;
;                                ;                           ; banco_de_registradores:A1|memoria[25][23],                                          ;
;                                ;                           ; banco_de_registradores:A1|memoria[24][23],                                          ;
;                                ;                           ; banco_de_registradores:A1|memoria[23][23],                                          ;
;                                ;                           ; banco_de_registradores:A1|memoria[22][23],                                          ;
;                                ;                           ; banco_de_registradores:A1|memoria[21][23],                                          ;
;                                ;                           ; banco_de_registradores:A1|memoria[20][23],                                          ;
;                                ;                           ; banco_de_registradores:A1|memoria[19][23],                                          ;
;                                ;                           ; banco_de_registradores:A1|memoria[18][23],                                          ;
;                                ;                           ; banco_de_registradores:A1|memoria[17][23],                                          ;
;                                ;                           ; banco_de_registradores:A1|memoria[16][23],                                          ;
;                                ;                           ; banco_de_registradores:A1|memoria[31][24],                                          ;
;                                ;                           ; banco_de_registradores:A1|memoria[30][24],                                          ;
;                                ;                           ; banco_de_registradores:A1|memoria[29][24],                                          ;
;                                ;                           ; banco_de_registradores:A1|memoria[28][24],                                          ;
;                                ;                           ; banco_de_registradores:A1|memoria[27][24],                                          ;
;                                ;                           ; banco_de_registradores:A1|memoria[26][24],                                          ;
;                                ;                           ; banco_de_registradores:A1|memoria[25][24],                                          ;
;                                ;                           ; banco_de_registradores:A1|memoria[24][24],                                          ;
;                                ;                           ; banco_de_registradores:A1|memoria[23][24],                                          ;
;                                ;                           ; banco_de_registradores:A1|memoria[22][24],                                          ;
;                                ;                           ; banco_de_registradores:A1|memoria[21][24],                                          ;
;                                ;                           ; banco_de_registradores:A1|memoria[20][24],                                          ;
;                                ;                           ; banco_de_registradores:A1|memoria[19][24],                                          ;
;                                ;                           ; banco_de_registradores:A1|memoria[18][24],                                          ;
;                                ;                           ; banco_de_registradores:A1|memoria[17][24],                                          ;
;                                ;                           ; banco_de_registradores:A1|memoria[16][24],                                          ;
;                                ;                           ; banco_de_registradores:A1|memoria[31][25],                                          ;
;                                ;                           ; banco_de_registradores:A1|memoria[30][25],                                          ;
;                                ;                           ; banco_de_registradores:A1|memoria[29][25],                                          ;
;                                ;                           ; banco_de_registradores:A1|memoria[28][25],                                          ;
;                                ;                           ; banco_de_registradores:A1|memoria[27][25],                                          ;
;                                ;                           ; banco_de_registradores:A1|memoria[26][25],                                          ;
;                                ;                           ; banco_de_registradores:A1|memoria[25][25],                                          ;
;                                ;                           ; banco_de_registradores:A1|memoria[24][25],                                          ;
;                                ;                           ; banco_de_registradores:A1|memoria[23][25],                                          ;
;                                ;                           ; banco_de_registradores:A1|memoria[22][25],                                          ;
;                                ;                           ; banco_de_registradores:A1|memoria[21][25],                                          ;
;                                ;                           ; banco_de_registradores:A1|memoria[20][25],                                          ;
;                                ;                           ; banco_de_registradores:A1|memoria[19][25],                                          ;
;                                ;                           ; banco_de_registradores:A1|memoria[18][25],                                          ;
;                                ;                           ; banco_de_registradores:A1|memoria[17][25],                                          ;
;                                ;                           ; banco_de_registradores:A1|memoria[16][25],                                          ;
;                                ;                           ; banco_de_registradores:A1|memoria[31][26],                                          ;
;                                ;                           ; banco_de_registradores:A1|memoria[30][26],                                          ;
;                                ;                           ; banco_de_registradores:A1|memoria[29][26],                                          ;
;                                ;                           ; banco_de_registradores:A1|memoria[28][26],                                          ;
;                                ;                           ; banco_de_registradores:A1|memoria[27][26],                                          ;
;                                ;                           ; banco_de_registradores:A1|memoria[26][26],                                          ;
;                                ;                           ; banco_de_registradores:A1|memoria[25][26],                                          ;
;                                ;                           ; banco_de_registradores:A1|memoria[24][26],                                          ;
;                                ;                           ; banco_de_registradores:A1|memoria[31][27],                                          ;
;                                ;                           ; banco_de_registradores:A1|memoria[30][27],                                          ;
;                                ;                           ; banco_de_registradores:A1|memoria[29][27],                                          ;
;                                ;                           ; banco_de_registradores:A1|memoria[28][27],                                          ;
;                                ;                           ; banco_de_registradores:A1|memoria[27][27],                                          ;
;                                ;                           ; banco_de_registradores:A1|memoria[26][27],                                          ;
;                                ;                           ; banco_de_registradores:A1|memoria[25][27],                                          ;
;                                ;                           ; banco_de_registradores:A1|memoria[24][27],                                          ;
;                                ;                           ; banco_de_registradores:A1|memoria[31][28],                                          ;
;                                ;                           ; banco_de_registradores:A1|memoria[30][28],                                          ;
;                                ;                           ; banco_de_registradores:A1|memoria[29][28],                                          ;
;                                ;                           ; banco_de_registradores:A1|memoria[28][28],                                          ;
;                                ;                           ; banco_de_registradores:A1|memoria[27][28],                                          ;
;                                ;                           ; banco_de_registradores:A1|memoria[26][28],                                          ;
;                                ;                           ; banco_de_registradores:A1|memoria[25][28],                                          ;
;                                ;                           ; banco_de_registradores:A1|memoria[24][28],                                          ;
;                                ;                           ; banco_de_registradores:A1|memoria[31][29],                                          ;
;                                ;                           ; banco_de_registradores:A1|memoria[30][29],                                          ;
;                                ;                           ; banco_de_registradores:A1|memoria[29][29],                                          ;
;                                ;                           ; banco_de_registradores:A1|memoria[28][29],                                          ;
;                                ;                           ; banco_de_registradores:A1|memoria[27][29],                                          ;
;                                ;                           ; banco_de_registradores:A1|memoria[26][29],                                          ;
;                                ;                           ; banco_de_registradores:A1|memoria[25][29],                                          ;
;                                ;                           ; banco_de_registradores:A1|memoria[24][29],                                          ;
;                                ;                           ; banco_de_registradores:A1|memoria[31][30],                                          ;
;                                ;                           ; banco_de_registradores:A1|memoria[30][30],                                          ;
;                                ;                           ; banco_de_registradores:A1|memoria[29][30],                                          ;
;                                ;                           ; banco_de_registradores:A1|memoria[28][30],                                          ;
;                                ;                           ; banco_de_registradores:A1|memoria[27][30],                                          ;
;                                ;                           ; banco_de_registradores:A1|memoria[26][30],                                          ;
;                                ;                           ; banco_de_registradores:A1|memoria[25][30],                                          ;
;                                ;                           ; banco_de_registradores:A1|memoria[24][30],                                          ;
;                                ;                           ; banco_de_registradores:A1|memoria[31][31],                                          ;
;                                ;                           ; banco_de_registradores:A1|memoria[30][31],                                          ;
;                                ;                           ; banco_de_registradores:A1|memoria[29][31],                                          ;
;                                ;                           ; banco_de_registradores:A1|memoria[28][31],                                          ;
;                                ;                           ; banco_de_registradores:A1|memoria[27][31],                                          ;
;                                ;                           ; banco_de_registradores:A1|memoria[26][31],                                          ;
;                                ;                           ; banco_de_registradores:A1|memoria[25][31],                                          ;
;                                ;                           ; banco_de_registradores:A1|memoria[24][31]                                           ;
; memoria_de_instrucoes:B1|q[19] ; Stuck at GND              ; banco_de_registradores:A1|memoria[23][1], banco_de_registradores:A1|memoria[22][1], ;
;                                ; due to stuck port data_in ; banco_de_registradores:A1|memoria[21][1], banco_de_registradores:A1|memoria[20][1], ;
;                                ;                           ; banco_de_registradores:A1|memoria[19][1], banco_de_registradores:A1|memoria[18][1], ;
;                                ;                           ; banco_de_registradores:A1|memoria[17][1], banco_de_registradores:A1|memoria[16][1], ;
;                                ;                           ; banco_de_registradores:A1|memoria[23][19],                                          ;
;                                ;                           ; banco_de_registradores:A1|memoria[22][19],                                          ;
;                                ;                           ; banco_de_registradores:A1|memoria[21][19],                                          ;
;                                ;                           ; banco_de_registradores:A1|memoria[20][19],                                          ;
;                                ;                           ; banco_de_registradores:A1|memoria[19][19],                                          ;
;                                ;                           ; banco_de_registradores:A1|memoria[18][19],                                          ;
;                                ;                           ; banco_de_registradores:A1|memoria[17][19],                                          ;
;                                ;                           ; banco_de_registradores:A1|memoria[16][19],                                          ;
;                                ;                           ; banco_de_registradores:A1|memoria[23][28],                                          ;
;                                ;                           ; banco_de_registradores:A1|memoria[22][28],                                          ;
;                                ;                           ; banco_de_registradores:A1|memoria[21][28],                                          ;
;                                ;                           ; banco_de_registradores:A1|memoria[20][28],                                          ;
;                                ;                           ; banco_de_registradores:A1|memoria[19][28],                                          ;
;                                ;                           ; banco_de_registradores:A1|memoria[18][28],                                          ;
;                                ;                           ; banco_de_registradores:A1|memoria[17][28],                                          ;
;                                ;                           ; banco_de_registradores:A1|memoria[16][28],                                          ;
;                                ;                           ; banco_de_registradores:A1|memoria[23][29],                                          ;
;                                ;                           ; banco_de_registradores:A1|memoria[22][29],                                          ;
;                                ;                           ; banco_de_registradores:A1|memoria[21][29],                                          ;
;                                ;                           ; banco_de_registradores:A1|memoria[20][29],                                          ;
;                                ;                           ; banco_de_registradores:A1|memoria[19][29],                                          ;
;                                ;                           ; banco_de_registradores:A1|memoria[18][29],                                          ;
;                                ;                           ; banco_de_registradores:A1|memoria[17][29],                                          ;
;                                ;                           ; banco_de_registradores:A1|memoria[16][29],                                          ;
;                                ;                           ; banco_de_registradores:A1|memoria[23][30],                                          ;
;                                ;                           ; banco_de_registradores:A1|memoria[22][30],                                          ;
;                                ;                           ; banco_de_registradores:A1|memoria[21][30],                                          ;
;                                ;                           ; banco_de_registradores:A1|memoria[20][30],                                          ;
;                                ;                           ; banco_de_registradores:A1|memoria[19][30],                                          ;
;                                ;                           ; banco_de_registradores:A1|memoria[18][30],                                          ;
;                                ;                           ; banco_de_registradores:A1|memoria[17][30],                                          ;
;                                ;                           ; banco_de_registradores:A1|memoria[16][30],                                          ;
;                                ;                           ; banco_de_registradores:A1|memoria[23][31],                                          ;
;                                ;                           ; banco_de_registradores:A1|memoria[22][31],                                          ;
;                                ;                           ; banco_de_registradores:A1|memoria[21][31],                                          ;
;                                ;                           ; banco_de_registradores:A1|memoria[20][31],                                          ;
;                                ;                           ; banco_de_registradores:A1|memoria[19][31],                                          ;
;                                ;                           ; banco_de_registradores:A1|memoria[18][31],                                          ;
;                                ;                           ; banco_de_registradores:A1|memoria[17][31],                                          ;
;                                ;                           ; banco_de_registradores:A1|memoria[16][31]                                           ;
+--------------------------------+---------------------------+-------------------------------------------------------------------------------------+


+------------------------------------------------------+
; General Register Statistics                          ;
+----------------------------------------------+-------+
; Statistic                                    ; Value ;
+----------------------------------------------+-------+
; Total registers                              ; 705   ;
; Number of registers using Synchronous Clear  ; 11    ;
; Number of registers using Synchronous Load   ; 0     ;
; Number of registers using Asynchronous Clear ; 0     ;
; Number of registers using Asynchronous Load  ; 0     ;
; Number of registers using Clock Enable       ; 556   ;
; Number of registers using Preset             ; 0     ;
+----------------------------------------------+-------+


+---------------------------------------------------+
; Inverted Register Statistics                      ;
+-----------------------------------------+---------+
; Inverted Register                       ; Fan out ;
+-----------------------------------------+---------+
; banco_de_registradores:A1|memoria[1][1] ; 3       ;
; ula_pc:K1|contador[0]                   ; 4       ;
; Total number of inverted registers = 2  ;         ;
+-----------------------------------------+---------+


+----------------------------------------------------------------------------------------------+
; Registers Added for RAM Pass-Through Logic                                                   ;
+----------------------------------------------------+-----------------------------------------+
; Register Name                                      ; RAM Name                                ;
+----------------------------------------------------+-----------------------------------------+
; banco_de_registradores:A1|memoria_rtl_0_bypass[0]  ; banco_de_registradores:A1|memoria_rtl_0 ;
; banco_de_registradores:A1|memoria_rtl_0_bypass[1]  ; banco_de_registradores:A1|memoria_rtl_0 ;
; banco_de_registradores:A1|memoria_rtl_0_bypass[2]  ; banco_de_registradores:A1|memoria_rtl_0 ;
; banco_de_registradores:A1|memoria_rtl_0_bypass[3]  ; banco_de_registradores:A1|memoria_rtl_0 ;
; banco_de_registradores:A1|memoria_rtl_0_bypass[4]  ; banco_de_registradores:A1|memoria_rtl_0 ;
; banco_de_registradores:A1|memoria_rtl_0_bypass[5]  ; banco_de_registradores:A1|memoria_rtl_0 ;
; banco_de_registradores:A1|memoria_rtl_0_bypass[6]  ; banco_de_registradores:A1|memoria_rtl_0 ;
; banco_de_registradores:A1|memoria_rtl_0_bypass[7]  ; banco_de_registradores:A1|memoria_rtl_0 ;
; banco_de_registradores:A1|memoria_rtl_0_bypass[8]  ; banco_de_registradores:A1|memoria_rtl_0 ;
; banco_de_registradores:A1|memoria_rtl_0_bypass[9]  ; banco_de_registradores:A1|memoria_rtl_0 ;
; banco_de_registradores:A1|memoria_rtl_0_bypass[10] ; banco_de_registradores:A1|memoria_rtl_0 ;
; banco_de_registradores:A1|memoria_rtl_0_bypass[11] ; banco_de_registradores:A1|memoria_rtl_0 ;
; banco_de_registradores:A1|memoria_rtl_0_bypass[12] ; banco_de_registradores:A1|memoria_rtl_0 ;
; banco_de_registradores:A1|memoria_rtl_0_bypass[13] ; banco_de_registradores:A1|memoria_rtl_0 ;
; banco_de_registradores:A1|memoria_rtl_0_bypass[14] ; banco_de_registradores:A1|memoria_rtl_0 ;
; banco_de_registradores:A1|memoria_rtl_0_bypass[15] ; banco_de_registradores:A1|memoria_rtl_0 ;
; banco_de_registradores:A1|memoria_rtl_0_bypass[16] ; banco_de_registradores:A1|memoria_rtl_0 ;
; banco_de_registradores:A1|memoria_rtl_0_bypass[17] ; banco_de_registradores:A1|memoria_rtl_0 ;
; banco_de_registradores:A1|memoria_rtl_0_bypass[18] ; banco_de_registradores:A1|memoria_rtl_0 ;
; banco_de_registradores:A1|memoria_rtl_0_bypass[19] ; banco_de_registradores:A1|memoria_rtl_0 ;
; banco_de_registradores:A1|memoria_rtl_0_bypass[20] ; banco_de_registradores:A1|memoria_rtl_0 ;
; banco_de_registradores:A1|memoria_rtl_0_bypass[21] ; banco_de_registradores:A1|memoria_rtl_0 ;
; banco_de_registradores:A1|memoria_rtl_0_bypass[22] ; banco_de_registradores:A1|memoria_rtl_0 ;
; banco_de_registradores:A1|memoria_rtl_0_bypass[23] ; banco_de_registradores:A1|memoria_rtl_0 ;
; banco_de_registradores:A1|memoria_rtl_0_bypass[24] ; banco_de_registradores:A1|memoria_rtl_0 ;
; banco_de_registradores:A1|memoria_rtl_0_bypass[25] ; banco_de_registradores:A1|memoria_rtl_0 ;
; banco_de_registradores:A1|memoria_rtl_0_bypass[26] ; banco_de_registradores:A1|memoria_rtl_0 ;
; banco_de_registradores:A1|memoria_rtl_0_bypass[27] ; banco_de_registradores:A1|memoria_rtl_0 ;
; banco_de_registradores:A1|memoria_rtl_0_bypass[28] ; banco_de_registradores:A1|memoria_rtl_0 ;
; banco_de_registradores:A1|memoria_rtl_0_bypass[29] ; banco_de_registradores:A1|memoria_rtl_0 ;
; banco_de_registradores:A1|memoria_rtl_0_bypass[30] ; banco_de_registradores:A1|memoria_rtl_0 ;
; banco_de_registradores:A1|memoria_rtl_0_bypass[31] ; banco_de_registradores:A1|memoria_rtl_0 ;
; banco_de_registradores:A1|memoria_rtl_0_bypass[32] ; banco_de_registradores:A1|memoria_rtl_0 ;
; banco_de_registradores:A1|memoria_rtl_0_bypass[33] ; banco_de_registradores:A1|memoria_rtl_0 ;
; banco_de_registradores:A1|memoria_rtl_0_bypass[34] ; banco_de_registradores:A1|memoria_rtl_0 ;
; banco_de_registradores:A1|memoria_rtl_0_bypass[35] ; banco_de_registradores:A1|memoria_rtl_0 ;
; banco_de_registradores:A1|memoria_rtl_0_bypass[36] ; banco_de_registradores:A1|memoria_rtl_0 ;
; banco_de_registradores:A1|memoria_rtl_0_bypass[37] ; banco_de_registradores:A1|memoria_rtl_0 ;
; banco_de_registradores:A1|memoria_rtl_0_bypass[38] ; banco_de_registradores:A1|memoria_rtl_0 ;
; banco_de_registradores:A1|memoria_rtl_0_bypass[39] ; banco_de_registradores:A1|memoria_rtl_0 ;
; banco_de_registradores:A1|memoria_rtl_0_bypass[40] ; banco_de_registradores:A1|memoria_rtl_0 ;
; banco_de_registradores:A1|memoria_rtl_0_bypass[41] ; banco_de_registradores:A1|memoria_rtl_0 ;
; banco_de_registradores:A1|memoria_rtl_1_bypass[0]  ; banco_de_registradores:A1|memoria_rtl_1 ;
; banco_de_registradores:A1|memoria_rtl_1_bypass[1]  ; banco_de_registradores:A1|memoria_rtl_1 ;
; banco_de_registradores:A1|memoria_rtl_1_bypass[2]  ; banco_de_registradores:A1|memoria_rtl_1 ;
; banco_de_registradores:A1|memoria_rtl_1_bypass[3]  ; banco_de_registradores:A1|memoria_rtl_1 ;
; banco_de_registradores:A1|memoria_rtl_1_bypass[4]  ; banco_de_registradores:A1|memoria_rtl_1 ;
; banco_de_registradores:A1|memoria_rtl_1_bypass[5]  ; banco_de_registradores:A1|memoria_rtl_1 ;
; banco_de_registradores:A1|memoria_rtl_1_bypass[6]  ; banco_de_registradores:A1|memoria_rtl_1 ;
; banco_de_registradores:A1|memoria_rtl_1_bypass[7]  ; banco_de_registradores:A1|memoria_rtl_1 ;
; banco_de_registradores:A1|memoria_rtl_1_bypass[8]  ; banco_de_registradores:A1|memoria_rtl_1 ;
; banco_de_registradores:A1|memoria_rtl_1_bypass[9]  ; banco_de_registradores:A1|memoria_rtl_1 ;
; banco_de_registradores:A1|memoria_rtl_1_bypass[10] ; banco_de_registradores:A1|memoria_rtl_1 ;
; banco_de_registradores:A1|memoria_rtl_1_bypass[11] ; banco_de_registradores:A1|memoria_rtl_1 ;
; banco_de_registradores:A1|memoria_rtl_1_bypass[12] ; banco_de_registradores:A1|memoria_rtl_1 ;
; banco_de_registradores:A1|memoria_rtl_1_bypass[13] ; banco_de_registradores:A1|memoria_rtl_1 ;
; banco_de_registradores:A1|memoria_rtl_1_bypass[14] ; banco_de_registradores:A1|memoria_rtl_1 ;
; banco_de_registradores:A1|memoria_rtl_1_bypass[15] ; banco_de_registradores:A1|memoria_rtl_1 ;
; banco_de_registradores:A1|memoria_rtl_1_bypass[16] ; banco_de_registradores:A1|memoria_rtl_1 ;
; banco_de_registradores:A1|memoria_rtl_1_bypass[17] ; banco_de_registradores:A1|memoria_rtl_1 ;
; banco_de_registradores:A1|memoria_rtl_1_bypass[18] ; banco_de_registradores:A1|memoria_rtl_1 ;
; banco_de_registradores:A1|memoria_rtl_1_bypass[19] ; banco_de_registradores:A1|memoria_rtl_1 ;
; banco_de_registradores:A1|memoria_rtl_1_bypass[20] ; banco_de_registradores:A1|memoria_rtl_1 ;
; banco_de_registradores:A1|memoria_rtl_1_bypass[21] ; banco_de_registradores:A1|memoria_rtl_1 ;
; banco_de_registradores:A1|memoria_rtl_1_bypass[22] ; banco_de_registradores:A1|memoria_rtl_1 ;
; banco_de_registradores:A1|memoria_rtl_1_bypass[23] ; banco_de_registradores:A1|memoria_rtl_1 ;
; banco_de_registradores:A1|memoria_rtl_1_bypass[24] ; banco_de_registradores:A1|memoria_rtl_1 ;
; banco_de_registradores:A1|memoria_rtl_1_bypass[25] ; banco_de_registradores:A1|memoria_rtl_1 ;
; banco_de_registradores:A1|memoria_rtl_1_bypass[26] ; banco_de_registradores:A1|memoria_rtl_1 ;
; banco_de_registradores:A1|memoria_rtl_1_bypass[27] ; banco_de_registradores:A1|memoria_rtl_1 ;
; banco_de_registradores:A1|memoria_rtl_1_bypass[28] ; banco_de_registradores:A1|memoria_rtl_1 ;
; banco_de_registradores:A1|memoria_rtl_1_bypass[29] ; banco_de_registradores:A1|memoria_rtl_1 ;
; banco_de_registradores:A1|memoria_rtl_1_bypass[30] ; banco_de_registradores:A1|memoria_rtl_1 ;
; banco_de_registradores:A1|memoria_rtl_1_bypass[31] ; banco_de_registradores:A1|memoria_rtl_1 ;
; banco_de_registradores:A1|memoria_rtl_1_bypass[32] ; banco_de_registradores:A1|memoria_rtl_1 ;
; banco_de_registradores:A1|memoria_rtl_1_bypass[33] ; banco_de_registradores:A1|memoria_rtl_1 ;
; banco_de_registradores:A1|memoria_rtl_1_bypass[34] ; banco_de_registradores:A1|memoria_rtl_1 ;
; banco_de_registradores:A1|memoria_rtl_1_bypass[35] ; banco_de_registradores:A1|memoria_rtl_1 ;
; banco_de_registradores:A1|memoria_rtl_1_bypass[36] ; banco_de_registradores:A1|memoria_rtl_1 ;
; banco_de_registradores:A1|memoria_rtl_1_bypass[37] ; banco_de_registradores:A1|memoria_rtl_1 ;
; banco_de_registradores:A1|memoria_rtl_1_bypass[38] ; banco_de_registradores:A1|memoria_rtl_1 ;
; banco_de_registradores:A1|memoria_rtl_1_bypass[39] ; banco_de_registradores:A1|memoria_rtl_1 ;
; banco_de_registradores:A1|memoria_rtl_1_bypass[40] ; banco_de_registradores:A1|memoria_rtl_1 ;
; banco_de_registradores:A1|memoria_rtl_1_bypass[41] ; banco_de_registradores:A1|memoria_rtl_1 ;
+----------------------------------------------------+-----------------------------------------+


+---------------------------------------------------------------------+
; Registers Packed Into Inferred Megafunctions                        ;
+------------------------------+-------------------------------+------+
; Register Name                ; Megafunction                  ; Type ;
+------------------------------+-------------------------------+------+
; memoria_de_dados:C1|q[0..31] ; memoria_de_dados:C1|ram_rtl_0 ; RAM  ;
+------------------------------+-------------------------------+------+


+------------------------------------------------------------------------------------------------------------------------------------------------------------+
; Multiplexer Restructuring Statistics (Restructuring Performed)                                                                                             ;
+--------------------+-----------+---------------+----------------------+------------------------+------------+----------------------------------------------+
; Multiplexer Inputs ; Bus Width ; Baseline Area ; Area if Restructured ; Saving if Restructured ; Registered ; Example Multiplexer Output                   ;
+--------------------+-----------+---------------+----------------------+------------------------+------------+----------------------------------------------+
; 3:1                ; 32 bits   ; 64 LEs        ; 32 LEs               ; 32 LEs                 ; Yes        ; |Processador|out:M1|valor_travado[14]        ;
; 3:1                ; 10 bits   ; 20 LEs        ; 10 LEs               ; 10 LEs                 ; Yes        ; |Processador|ula_pc:K1|saida_pc[2]           ;
; 4:1                ; 3 bits    ; 6 LEs         ; 6 LEs                ; 0 LEs                  ; No         ; |Processador|unidade_de_controle:G1|Mux10    ;
; 3:1                ; 11 bits   ; 22 LEs        ; 22 LEs               ; 0 LEs                  ; No         ; |Processador|extensor_bit:E1|Mux11           ;
; 4:1                ; 7 bits    ; 14 LEs        ; 14 LEs               ; 0 LEs                  ; No         ; |Processador|extensor_bit:E1|Mux31           ;
; 10:1               ; 32 bits   ; 192 LEs       ; 192 LEs              ; 0 LEs                  ; No         ; |Processador|Ula:T2|Mux28                    ;
; 5:1                ; 10 bits   ; 30 LEs        ; 30 LEs               ; 0 LEs                  ; No         ; |Processador|multiplexador_pc:L1|saida[1]    ;
; 32:1               ; 32 bits   ; 672 LEs       ; 352 LEs              ; 320 LEs                ; No         ; |Processador|banco_de_registradores:A1|Mux34 ;
+--------------------+-----------+---------------+----------------------+------------------------+------------+----------------------------------------------+


+----------------------------------------------------------------------------------------------------------+
; Source assignments for banco_de_registradores:A1|altsyncram:memoria_rtl_0|altsyncram_csg1:auto_generated ;
+---------------------------------+--------------------+------+--------------------------------------------+
; Assignment                      ; Value              ; From ; To                                         ;
+---------------------------------+--------------------+------+--------------------------------------------+
; OPTIMIZE_POWER_DURING_SYNTHESIS ; NORMAL_COMPILATION ; -    ; -                                          ;
+---------------------------------+--------------------+------+--------------------------------------------+


+----------------------------------------------------------------------------------------------------------+
; Source assignments for banco_de_registradores:A1|altsyncram:memoria_rtl_1|altsyncram_csg1:auto_generated ;
+---------------------------------+--------------------+------+--------------------------------------------+
; Assignment                      ; Value              ; From ; To                                         ;
+---------------------------------+--------------------+------+--------------------------------------------+
; OPTIMIZE_POWER_DURING_SYNTHESIS ; NORMAL_COMPILATION ; -    ; -                                          ;
+---------------------------------+--------------------+------+--------------------------------------------+


+------------------------------------------------------------------------------------------------+
; Source assignments for memoria_de_dados:C1|altsyncram:ram_rtl_0|altsyncram_a5h1:auto_generated ;
+---------------------------------+--------------------+------+----------------------------------+
; Assignment                      ; Value              ; From ; To                               ;
+---------------------------------+--------------------+------+----------------------------------+
; OPTIMIZE_POWER_DURING_SYNTHESIS ; NORMAL_COMPILATION ; -    ; -                                ;
+---------------------------------+--------------------+------+----------------------------------+


+-----------------------------------------------------------------------+
; Parameter Settings for User Entity Instance: memoria_de_instrucoes:B1 ;
+----------------+-------+----------------------------------------------+
; Parameter Name ; Value ; Type                                         ;
+----------------+-------+----------------------------------------------+
; DATA_WIDTH     ; 32    ; Signed Integer                               ;
; ADDR_WIDTH     ; 10    ; Signed Integer                               ;
+----------------+-------+----------------------------------------------+
Note: In order to hide this table in the UI and the text report file, please set the "Show Parameter Settings in Synthesis Report" option in "Analysis and Synthesis Settings -> More Settings" to "Off".


+------------------------------------------------------------------+
; Parameter Settings for User Entity Instance: memoria_de_dados:C1 ;
+----------------+-------+-----------------------------------------+
; Parameter Name ; Value ; Type                                    ;
+----------------+-------+-----------------------------------------+
; DATA_WIDTH     ; 32    ; Signed Integer                          ;
; ADDR_WIDTH     ; 10    ; Signed Integer                          ;
+----------------+-------+-----------------------------------------+
Note: In order to hide this table in the UI and the text report file, please set the "Show Parameter Settings in Synthesis Report" option in "Analysis and Synthesis Settings -> More Settings" to "Off".


+---------------------------------------------------------------+
; Parameter Settings for User Entity Instance: debounce:BTN1    ;
+------------------+--------------------------+-----------------+
; Parameter Name   ; Value                    ; Type            ;
+------------------+--------------------------+-----------------+
; LIMIAR_DEBOUNCE  ; 100110001001011010000000 ; Unsigned Binary ;
; LARGURA_CONTADOR ; 10                       ; Signed Integer  ;
+------------------+--------------------------+-----------------+
Note: In order to hide this table in the UI and the text report file, please set the "Show Parameter Settings in Synthesis Report" option in "Analysis and Synthesis Settings -> More Settings" to "Off".


+-----------------------------------------------------------------------------------------------------+
; Parameter Settings for Inferred Entity Instance: banco_de_registradores:A1|altsyncram:memoria_rtl_0 ;
+------------------------------------+----------------------+-----------------------------------------+
; Parameter Name                     ; Value                ; Type                                    ;
+------------------------------------+----------------------+-----------------------------------------+
; BYTE_SIZE_BLOCK                    ; 8                    ; Untyped                                 ;
; AUTO_CARRY_CHAINS                  ; ON                   ; AUTO_CARRY                              ;
; IGNORE_CARRY_BUFFERS               ; OFF                  ; IGNORE_CARRY                            ;
; AUTO_CASCADE_CHAINS                ; ON                   ; AUTO_CASCADE                            ;
; IGNORE_CASCADE_BUFFERS             ; OFF                  ; IGNORE_CASCADE                          ;
; WIDTH_BYTEENA                      ; 1                    ; Untyped                                 ;
; OPERATION_MODE                     ; DUAL_PORT            ; Untyped                                 ;
; WIDTH_A                            ; 31                   ; Untyped                                 ;
; WIDTHAD_A                          ; 5                    ; Untyped                                 ;
; NUMWORDS_A                         ; 32                   ; Untyped                                 ;
; OUTDATA_REG_A                      ; UNREGISTERED         ; Untyped                                 ;
; ADDRESS_ACLR_A                     ; NONE                 ; Untyped                                 ;
; OUTDATA_ACLR_A                     ; NONE                 ; Untyped                                 ;
; WRCONTROL_ACLR_A                   ; NONE                 ; Untyped                                 ;
; INDATA_ACLR_A                      ; NONE                 ; Untyped                                 ;
; BYTEENA_ACLR_A                     ; NONE                 ; Untyped                                 ;
; WIDTH_B                            ; 31                   ; Untyped                                 ;
; WIDTHAD_B                          ; 5                    ; Untyped                                 ;
; NUMWORDS_B                         ; 32                   ; Untyped                                 ;
; INDATA_REG_B                       ; CLOCK1               ; Untyped                                 ;
; WRCONTROL_WRADDRESS_REG_B          ; CLOCK1               ; Untyped                                 ;
; RDCONTROL_REG_B                    ; CLOCK1               ; Untyped                                 ;
; ADDRESS_REG_B                      ; CLOCK0               ; Untyped                                 ;
; OUTDATA_REG_B                      ; UNREGISTERED         ; Untyped                                 ;
; BYTEENA_REG_B                      ; CLOCK1               ; Untyped                                 ;
; INDATA_ACLR_B                      ; NONE                 ; Untyped                                 ;
; WRCONTROL_ACLR_B                   ; NONE                 ; Untyped                                 ;
; ADDRESS_ACLR_B                     ; NONE                 ; Untyped                                 ;
; OUTDATA_ACLR_B                     ; NONE                 ; Untyped                                 ;
; RDCONTROL_ACLR_B                   ; NONE                 ; Untyped                                 ;
; BYTEENA_ACLR_B                     ; NONE                 ; Untyped                                 ;
; WIDTH_BYTEENA_A                    ; 1                    ; Untyped                                 ;
; WIDTH_BYTEENA_B                    ; 1                    ; Untyped                                 ;
; RAM_BLOCK_TYPE                     ; AUTO                 ; Untyped                                 ;
; BYTE_SIZE                          ; 8                    ; Untyped                                 ;
; READ_DURING_WRITE_MODE_MIXED_PORTS ; OLD_DATA             ; Untyped                                 ;
; READ_DURING_WRITE_MODE_PORT_A      ; NEW_DATA_NO_NBE_READ ; Untyped                                 ;
; READ_DURING_WRITE_MODE_PORT_B      ; NEW_DATA_NO_NBE_READ ; Untyped                                 ;
; INIT_FILE                          ; UNUSED               ; Untyped                                 ;
; INIT_FILE_LAYOUT                   ; PORT_A               ; Untyped                                 ;
; MAXIMUM_DEPTH                      ; 0                    ; Untyped                                 ;
; CLOCK_ENABLE_INPUT_A               ; NORMAL               ; Untyped                                 ;
; CLOCK_ENABLE_INPUT_B               ; NORMAL               ; Untyped                                 ;
; CLOCK_ENABLE_OUTPUT_A              ; NORMAL               ; Untyped                                 ;
; CLOCK_ENABLE_OUTPUT_B              ; NORMAL               ; Untyped                                 ;
; CLOCK_ENABLE_CORE_A                ; USE_INPUT_CLKEN      ; Untyped                                 ;
; CLOCK_ENABLE_CORE_B                ; USE_INPUT_CLKEN      ; Untyped                                 ;
; ENABLE_ECC                         ; FALSE                ; Untyped                                 ;
; ECC_PIPELINE_STAGE_ENABLED         ; FALSE                ; Untyped                                 ;
; WIDTH_ECCSTATUS                    ; 3                    ; Untyped                                 ;
; DEVICE_FAMILY                      ; Cyclone IV E         ; Untyped                                 ;
; CBXI_PARAMETER                     ; altsyncram_csg1      ; Untyped                                 ;
+------------------------------------+----------------------+-----------------------------------------+
Note: In order to hide this table in the UI and the text report file, please set the "Show Parameter Settings in Synthesis Report" option in "Analysis and Synthesis Settings -> More Settings" to "Off".


+-----------------------------------------------------------------------------------------------------+
; Parameter Settings for Inferred Entity Instance: banco_de_registradores:A1|altsyncram:memoria_rtl_1 ;
+------------------------------------+----------------------+-----------------------------------------+
; Parameter Name                     ; Value                ; Type                                    ;
+------------------------------------+----------------------+-----------------------------------------+
; BYTE_SIZE_BLOCK                    ; 8                    ; Untyped                                 ;
; AUTO_CARRY_CHAINS                  ; ON                   ; AUTO_CARRY                              ;
; IGNORE_CARRY_BUFFERS               ; OFF                  ; IGNORE_CARRY                            ;
; AUTO_CASCADE_CHAINS                ; ON                   ; AUTO_CASCADE                            ;
; IGNORE_CASCADE_BUFFERS             ; OFF                  ; IGNORE_CASCADE                          ;
; WIDTH_BYTEENA                      ; 1                    ; Untyped                                 ;
; OPERATION_MODE                     ; DUAL_PORT            ; Untyped                                 ;
; WIDTH_A                            ; 31                   ; Untyped                                 ;
; WIDTHAD_A                          ; 5                    ; Untyped                                 ;
; NUMWORDS_A                         ; 32                   ; Untyped                                 ;
; OUTDATA_REG_A                      ; UNREGISTERED         ; Untyped                                 ;
; ADDRESS_ACLR_A                     ; NONE                 ; Untyped                                 ;
; OUTDATA_ACLR_A                     ; NONE                 ; Untyped                                 ;
; WRCONTROL_ACLR_A                   ; NONE                 ; Untyped                                 ;
; INDATA_ACLR_A                      ; NONE                 ; Untyped                                 ;
; BYTEENA_ACLR_A                     ; NONE                 ; Untyped                                 ;
; WIDTH_B                            ; 31                   ; Untyped                                 ;
; WIDTHAD_B                          ; 5                    ; Untyped                                 ;
; NUMWORDS_B                         ; 32                   ; Untyped                                 ;
; INDATA_REG_B                       ; CLOCK1               ; Untyped                                 ;
; WRCONTROL_WRADDRESS_REG_B          ; CLOCK1               ; Untyped                                 ;
; RDCONTROL_REG_B                    ; CLOCK1               ; Untyped                                 ;
; ADDRESS_REG_B                      ; CLOCK0               ; Untyped                                 ;
; OUTDATA_REG_B                      ; UNREGISTERED         ; Untyped                                 ;
; BYTEENA_REG_B                      ; CLOCK1               ; Untyped                                 ;
; INDATA_ACLR_B                      ; NONE                 ; Untyped                                 ;
; WRCONTROL_ACLR_B                   ; NONE                 ; Untyped                                 ;
; ADDRESS_ACLR_B                     ; NONE                 ; Untyped                                 ;
; OUTDATA_ACLR_B                     ; NONE                 ; Untyped                                 ;
; RDCONTROL_ACLR_B                   ; NONE                 ; Untyped                                 ;
; BYTEENA_ACLR_B                     ; NONE                 ; Untyped                                 ;
; WIDTH_BYTEENA_A                    ; 1                    ; Untyped                                 ;
; WIDTH_BYTEENA_B                    ; 1                    ; Untyped                                 ;
; RAM_BLOCK_TYPE                     ; AUTO                 ; Untyped                                 ;
; BYTE_SIZE                          ; 8                    ; Untyped                                 ;
; READ_DURING_WRITE_MODE_MIXED_PORTS ; OLD_DATA             ; Untyped                                 ;
; READ_DURING_WRITE_MODE_PORT_A      ; NEW_DATA_NO_NBE_READ ; Untyped                                 ;
; READ_DURING_WRITE_MODE_PORT_B      ; NEW_DATA_NO_NBE_READ ; Untyped                                 ;
; INIT_FILE                          ; UNUSED               ; Untyped                                 ;
; INIT_FILE_LAYOUT                   ; PORT_A               ; Untyped                                 ;
; MAXIMUM_DEPTH                      ; 0                    ; Untyped                                 ;
; CLOCK_ENABLE_INPUT_A               ; NORMAL               ; Untyped                                 ;
; CLOCK_ENABLE_INPUT_B               ; NORMAL               ; Untyped                                 ;
; CLOCK_ENABLE_OUTPUT_A              ; NORMAL               ; Untyped                                 ;
; CLOCK_ENABLE_OUTPUT_B              ; NORMAL               ; Untyped                                 ;
; CLOCK_ENABLE_CORE_A                ; USE_INPUT_CLKEN      ; Untyped                                 ;
; CLOCK_ENABLE_CORE_B                ; USE_INPUT_CLKEN      ; Untyped                                 ;
; ENABLE_ECC                         ; FALSE                ; Untyped                                 ;
; ECC_PIPELINE_STAGE_ENABLED         ; FALSE                ; Untyped                                 ;
; WIDTH_ECCSTATUS                    ; 3                    ; Untyped                                 ;
; DEVICE_FAMILY                      ; Cyclone IV E         ; Untyped                                 ;
; CBXI_PARAMETER                     ; altsyncram_csg1      ; Untyped                                 ;
+------------------------------------+----------------------+-----------------------------------------+
Note: In order to hide this table in the UI and the text report file, please set the "Show Parameter Settings in Synthesis Report" option in "Analysis and Synthesis Settings -> More Settings" to "Off".


+-------------------------------------------------------------------------------------------+
; Parameter Settings for Inferred Entity Instance: memoria_de_dados:C1|altsyncram:ram_rtl_0 ;
+------------------------------------+----------------------+-------------------------------+
; Parameter Name                     ; Value                ; Type                          ;
+------------------------------------+----------------------+-------------------------------+
; BYTE_SIZE_BLOCK                    ; 8                    ; Untyped                       ;
; AUTO_CARRY_CHAINS                  ; ON                   ; AUTO_CARRY                    ;
; IGNORE_CARRY_BUFFERS               ; OFF                  ; IGNORE_CARRY                  ;
; AUTO_CASCADE_CHAINS                ; ON                   ; AUTO_CASCADE                  ;
; IGNORE_CASCADE_BUFFERS             ; OFF                  ; IGNORE_CASCADE                ;
; WIDTH_BYTEENA                      ; 1                    ; Untyped                       ;
; OPERATION_MODE                     ; DUAL_PORT            ; Untyped                       ;
; WIDTH_A                            ; 32                   ; Untyped                       ;
; WIDTHAD_A                          ; 10                   ; Untyped                       ;
; NUMWORDS_A                         ; 1024                 ; Untyped                       ;
; OUTDATA_REG_A                      ; UNREGISTERED         ; Untyped                       ;
; ADDRESS_ACLR_A                     ; NONE                 ; Untyped                       ;
; OUTDATA_ACLR_A                     ; NONE                 ; Untyped                       ;
; WRCONTROL_ACLR_A                   ; NONE                 ; Untyped                       ;
; INDATA_ACLR_A                      ; NONE                 ; Untyped                       ;
; BYTEENA_ACLR_A                     ; NONE                 ; Untyped                       ;
; WIDTH_B                            ; 32                   ; Untyped                       ;
; WIDTHAD_B                          ; 10                   ; Untyped                       ;
; NUMWORDS_B                         ; 1024                 ; Untyped                       ;
; INDATA_REG_B                       ; CLOCK1               ; Untyped                       ;
; WRCONTROL_WRADDRESS_REG_B          ; CLOCK1               ; Untyped                       ;
; RDCONTROL_REG_B                    ; CLOCK1               ; Untyped                       ;
; ADDRESS_REG_B                      ; CLOCK0               ; Untyped                       ;
; OUTDATA_REG_B                      ; UNREGISTERED         ; Untyped                       ;
; BYTEENA_REG_B                      ; CLOCK1               ; Untyped                       ;
; INDATA_ACLR_B                      ; NONE                 ; Untyped                       ;
; WRCONTROL_ACLR_B                   ; NONE                 ; Untyped                       ;
; ADDRESS_ACLR_B                     ; NONE                 ; Untyped                       ;
; OUTDATA_ACLR_B                     ; NONE                 ; Untyped                       ;
; RDCONTROL_ACLR_B                   ; NONE                 ; Untyped                       ;
; BYTEENA_ACLR_B                     ; NONE                 ; Untyped                       ;
; WIDTH_BYTEENA_A                    ; 1                    ; Untyped                       ;
; WIDTH_BYTEENA_B                    ; 1                    ; Untyped                       ;
; RAM_BLOCK_TYPE                     ; AUTO                 ; Untyped                       ;
; BYTE_SIZE                          ; 8                    ; Untyped                       ;
; READ_DURING_WRITE_MODE_MIXED_PORTS ; OLD_DATA             ; Untyped                       ;
; READ_DURING_WRITE_MODE_PORT_A      ; NEW_DATA_NO_NBE_READ ; Untyped                       ;
; READ_DURING_WRITE_MODE_PORT_B      ; NEW_DATA_NO_NBE_READ ; Untyped                       ;
; INIT_FILE                          ; UNUSED               ; Untyped                       ;
; INIT_FILE_LAYOUT                   ; PORT_A               ; Untyped                       ;
; MAXIMUM_DEPTH                      ; 0                    ; Untyped                       ;
; CLOCK_ENABLE_INPUT_A               ; NORMAL               ; Untyped                       ;
; CLOCK_ENABLE_INPUT_B               ; NORMAL               ; Untyped                       ;
; CLOCK_ENABLE_OUTPUT_A              ; NORMAL               ; Untyped                       ;
; CLOCK_ENABLE_OUTPUT_B              ; NORMAL               ; Untyped                       ;
; CLOCK_ENABLE_CORE_A                ; USE_INPUT_CLKEN      ; Untyped                       ;
; CLOCK_ENABLE_CORE_B                ; USE_INPUT_CLKEN      ; Untyped                       ;
; ENABLE_ECC                         ; FALSE                ; Untyped                       ;
; ECC_PIPELINE_STAGE_ENABLED         ; FALSE                ; Untyped                       ;
; WIDTH_ECCSTATUS                    ; 3                    ; Untyped                       ;
; DEVICE_FAMILY                      ; Cyclone IV E         ; Untyped                       ;
; CBXI_PARAMETER                     ; altsyncram_a5h1      ; Untyped                       ;
+------------------------------------+----------------------+-------------------------------+
Note: In order to hide this table in the UI and the text report file, please set the "Show Parameter Settings in Synthesis Report" option in "Analysis and Synthesis Settings -> More Settings" to "Off".


+-------------------------------------------------------------------------+
; Parameter Settings for Inferred Entity Instance: out:M1|lpm_divide:Mod1 ;
+------------------------+----------------+-------------------------------+
; Parameter Name         ; Value          ; Type                          ;
+------------------------+----------------+-------------------------------+
; LPM_WIDTHN             ; 32             ; Untyped                       ;
; LPM_WIDTHD             ; 7              ; Untyped                       ;
; LPM_NREPRESENTATION    ; UNSIGNED       ; Untyped                       ;
; LPM_DREPRESENTATION    ; UNSIGNED       ; Untyped                       ;
; LPM_PIPELINE           ; 0              ; Untyped                       ;
; LPM_REMAINDERPOSITIVE  ; TRUE           ; Untyped                       ;
; MAXIMIZE_SPEED         ; 5              ; Untyped                       ;
; CBXI_PARAMETER         ; lpm_divide_6bm ; Untyped                       ;
; CARRY_CHAIN            ; MANUAL         ; Untyped                       ;
; OPTIMIZE_FOR_SPEED     ; 5              ; Untyped                       ;
; AUTO_CARRY_CHAINS      ; ON             ; AUTO_CARRY                    ;
; IGNORE_CARRY_BUFFERS   ; OFF            ; IGNORE_CARRY                  ;
; AUTO_CASCADE_CHAINS    ; ON             ; AUTO_CASCADE                  ;
; IGNORE_CASCADE_BUFFERS ; OFF            ; IGNORE_CASCADE                ;
+------------------------+----------------+-------------------------------+
Note: In order to hide this table in the UI and the text report file, please set the "Show Parameter Settings in Synthesis Report" option in "Analysis and Synthesis Settings -> More Settings" to "Off".


+-------------------------------------------------------------------------+
; Parameter Settings for Inferred Entity Instance: out:M1|lpm_divide:Div0 ;
+------------------------+----------------+-------------------------------+
; Parameter Name         ; Value          ; Type                          ;
+------------------------+----------------+-------------------------------+
; LPM_WIDTHN             ; 7              ; Untyped                       ;
; LPM_WIDTHD             ; 4              ; Untyped                       ;
; LPM_NREPRESENTATION    ; UNSIGNED       ; Untyped                       ;
; LPM_DREPRESENTATION    ; UNSIGNED       ; Untyped                       ;
; LPM_PIPELINE           ; 0              ; Untyped                       ;
; LPM_REMAINDERPOSITIVE  ; TRUE           ; Untyped                       ;
; MAXIMIZE_SPEED         ; 5              ; Untyped                       ;
; CBXI_PARAMETER         ; lpm_divide_ihm ; Untyped                       ;
; CARRY_CHAIN            ; MANUAL         ; Untyped                       ;
; OPTIMIZE_FOR_SPEED     ; 5              ; Untyped                       ;
; AUTO_CARRY_CHAINS      ; ON             ; AUTO_CARRY                    ;
; IGNORE_CARRY_BUFFERS   ; OFF            ; IGNORE_CARRY                  ;
; AUTO_CASCADE_CHAINS    ; ON             ; AUTO_CASCADE                  ;
; IGNORE_CASCADE_BUFFERS ; OFF            ; IGNORE_CASCADE                ;
+------------------------+----------------+-------------------------------+
Note: In order to hide this table in the UI and the text report file, please set the "Show Parameter Settings in Synthesis Report" option in "Analysis and Synthesis Settings -> More Settings" to "Off".


+-------------------------------------------------------------------------+
; Parameter Settings for Inferred Entity Instance: out:M1|lpm_divide:Mod0 ;
+------------------------+----------------+-------------------------------+
; Parameter Name         ; Value          ; Type                          ;
+------------------------+----------------+-------------------------------+
; LPM_WIDTHN             ; 32             ; Untyped                       ;
; LPM_WIDTHD             ; 4              ; Untyped                       ;
; LPM_NREPRESENTATION    ; UNSIGNED       ; Untyped                       ;
; LPM_DREPRESENTATION    ; UNSIGNED       ; Untyped                       ;
; LPM_PIPELINE           ; 0              ; Untyped                       ;
; LPM_REMAINDERPOSITIVE  ; TRUE           ; Untyped                       ;
; MAXIMIZE_SPEED         ; 5              ; Untyped                       ;
; CBXI_PARAMETER         ; lpm_divide_3bm ; Untyped                       ;
; CARRY_CHAIN            ; MANUAL         ; Untyped                       ;
; OPTIMIZE_FOR_SPEED     ; 5              ; Untyped                       ;
; AUTO_CARRY_CHAINS      ; ON             ; AUTO_CARRY                    ;
; IGNORE_CARRY_BUFFERS   ; OFF            ; IGNORE_CARRY                  ;
; AUTO_CASCADE_CHAINS    ; ON             ; AUTO_CASCADE                  ;
; IGNORE_CASCADE_BUFFERS ; OFF            ; IGNORE_CASCADE                ;
+------------------------+----------------+-------------------------------+
Note: In order to hide this table in the UI and the text report file, please set the "Show Parameter Settings in Synthesis Report" option in "Analysis and Synthesis Settings -> More Settings" to "Off".


+-------------------------------------------------------------------------+
; Parameter Settings for Inferred Entity Instance: out:M1|lpm_divide:Mod2 ;
+------------------------+----------------+-------------------------------+
; Parameter Name         ; Value          ; Type                          ;
+------------------------+----------------+-------------------------------+
; LPM_WIDTHN             ; 32             ; Untyped                       ;
; LPM_WIDTHD             ; 10             ; Untyped                       ;
; LPM_NREPRESENTATION    ; UNSIGNED       ; Untyped                       ;
; LPM_DREPRESENTATION    ; UNSIGNED       ; Untyped                       ;
; LPM_PIPELINE           ; 0              ; Untyped                       ;
; LPM_REMAINDERPOSITIVE  ; TRUE           ; Untyped                       ;
; MAXIMIZE_SPEED         ; 5              ; Untyped                       ;
; CBXI_PARAMETER         ; lpm_divide_gcm ; Untyped                       ;
; CARRY_CHAIN            ; MANUAL         ; Untyped                       ;
; OPTIMIZE_FOR_SPEED     ; 5              ; Untyped                       ;
; AUTO_CARRY_CHAINS      ; ON             ; AUTO_CARRY                    ;
; IGNORE_CARRY_BUFFERS   ; OFF            ; IGNORE_CARRY                  ;
; AUTO_CASCADE_CHAINS    ; ON             ; AUTO_CASCADE                  ;
; IGNORE_CASCADE_BUFFERS ; OFF            ; IGNORE_CASCADE                ;
+------------------------+----------------+-------------------------------+
Note: In order to hide this table in the UI and the text report file, please set the "Show Parameter Settings in Synthesis Report" option in "Analysis and Synthesis Settings -> More Settings" to "Off".


+-------------------------------------------------------------------------+
; Parameter Settings for Inferred Entity Instance: out:M1|lpm_divide:Div1 ;
+------------------------+----------------+-------------------------------+
; Parameter Name         ; Value          ; Type                          ;
+------------------------+----------------+-------------------------------+
; LPM_WIDTHN             ; 10             ; Untyped                       ;
; LPM_WIDTHD             ; 7              ; Untyped                       ;
; LPM_NREPRESENTATION    ; UNSIGNED       ; Untyped                       ;
; LPM_DREPRESENTATION    ; UNSIGNED       ; Untyped                       ;
; LPM_PIPELINE           ; 0              ; Untyped                       ;
; LPM_REMAINDERPOSITIVE  ; TRUE           ; Untyped                       ;
; MAXIMIZE_SPEED         ; 5              ; Untyped                       ;
; CBXI_PARAMETER         ; lpm_divide_vim ; Untyped                       ;
; CARRY_CHAIN            ; MANUAL         ; Untyped                       ;
; OPTIMIZE_FOR_SPEED     ; 5              ; Untyped                       ;
; AUTO_CARRY_CHAINS      ; ON             ; AUTO_CARRY                    ;
; IGNORE_CARRY_BUFFERS   ; OFF            ; IGNORE_CARRY                  ;
; AUTO_CASCADE_CHAINS    ; ON             ; AUTO_CASCADE                  ;
; IGNORE_CASCADE_BUFFERS ; OFF            ; IGNORE_CASCADE                ;
+------------------------+----------------+-------------------------------+
Note: In order to hide this table in the UI and the text report file, please set the "Show Parameter Settings in Synthesis Report" option in "Analysis and Synthesis Settings -> More Settings" to "Off".


+-------------------------------------------------------------------------+
; Parameter Settings for Inferred Entity Instance: out:M1|lpm_divide:Mod3 ;
+------------------------+----------------+-------------------------------+
; Parameter Name         ; Value          ; Type                          ;
+------------------------+----------------+-------------------------------+
; LPM_WIDTHN             ; 32             ; Untyped                       ;
; LPM_WIDTHD             ; 14             ; Untyped                       ;
; LPM_NREPRESENTATION    ; UNSIGNED       ; Untyped                       ;
; LPM_DREPRESENTATION    ; UNSIGNED       ; Untyped                       ;
; LPM_PIPELINE           ; 0              ; Untyped                       ;
; LPM_REMAINDERPOSITIVE  ; TRUE           ; Untyped                       ;
; MAXIMIZE_SPEED         ; 5              ; Untyped                       ;
; CBXI_PARAMETER         ; lpm_divide_kcm ; Untyped                       ;
; CARRY_CHAIN            ; MANUAL         ; Untyped                       ;
; OPTIMIZE_FOR_SPEED     ; 5              ; Untyped                       ;
; AUTO_CARRY_CHAINS      ; ON             ; AUTO_CARRY                    ;
; IGNORE_CARRY_BUFFERS   ; OFF            ; IGNORE_CARRY                  ;
; AUTO_CASCADE_CHAINS    ; ON             ; AUTO_CASCADE                  ;
; IGNORE_CASCADE_BUFFERS ; OFF            ; IGNORE_CASCADE                ;
+------------------------+----------------+-------------------------------+
Note: In order to hide this table in the UI and the text report file, please set the "Show Parameter Settings in Synthesis Report" option in "Analysis and Synthesis Settings -> More Settings" to "Off".


+-------------------------------------------------------------------------+
; Parameter Settings for Inferred Entity Instance: out:M1|lpm_divide:Div2 ;
+------------------------+----------------+-------------------------------+
; Parameter Name         ; Value          ; Type                          ;
+------------------------+----------------+-------------------------------+
; LPM_WIDTHN             ; 14             ; Untyped                       ;
; LPM_WIDTHD             ; 10             ; Untyped                       ;
; LPM_NREPRESENTATION    ; UNSIGNED       ; Untyped                       ;
; LPM_DREPRESENTATION    ; UNSIGNED       ; Untyped                       ;
; LPM_PIPELINE           ; 0              ; Untyped                       ;
; LPM_REMAINDERPOSITIVE  ; TRUE           ; Untyped                       ;
; MAXIMIZE_SPEED         ; 5              ; Untyped                       ;
; CBXI_PARAMETER         ; lpm_divide_dkm ; Untyped                       ;
; CARRY_CHAIN            ; MANUAL         ; Untyped                       ;
; OPTIMIZE_FOR_SPEED     ; 5              ; Untyped                       ;
; AUTO_CARRY_CHAINS      ; ON             ; AUTO_CARRY                    ;
; IGNORE_CARRY_BUFFERS   ; OFF            ; IGNORE_CARRY                  ;
; AUTO_CASCADE_CHAINS    ; ON             ; AUTO_CASCADE                  ;
; IGNORE_CASCADE_BUFFERS ; OFF            ; IGNORE_CASCADE                ;
+------------------------+----------------+-------------------------------+
Note: In order to hide this table in the UI and the text report file, please set the "Show Parameter Settings in Synthesis Report" option in "Analysis and Synthesis Settings -> More Settings" to "Off".


+-------------------------------------------------------------------------------------+
; Parameter Settings for Inferred Entity Instance: Ula:T2|lpm_mult:Mult0              ;
+------------------------------------------------+--------------+---------------------+
; Parameter Name                                 ; Value        ; Type                ;
+------------------------------------------------+--------------+---------------------+
; AUTO_CARRY_CHAINS                              ; ON           ; AUTO_CARRY          ;
; IGNORE_CARRY_BUFFERS                           ; OFF          ; IGNORE_CARRY        ;
; AUTO_CASCADE_CHAINS                            ; ON           ; AUTO_CASCADE        ;
; IGNORE_CASCADE_BUFFERS                         ; OFF          ; IGNORE_CASCADE      ;
; LPM_WIDTHA                                     ; 32           ; Untyped             ;
; LPM_WIDTHB                                     ; 32           ; Untyped             ;
; LPM_WIDTHP                                     ; 64           ; Untyped             ;
; LPM_WIDTHR                                     ; 64           ; Untyped             ;
; LPM_WIDTHS                                     ; 1            ; Untyped             ;
; LPM_REPRESENTATION                             ; UNSIGNED     ; Untyped             ;
; LPM_PIPELINE                                   ; 0            ; Untyped             ;
; LATENCY                                        ; 0            ; Untyped             ;
; INPUT_A_IS_CONSTANT                            ; NO           ; Untyped             ;
; INPUT_B_IS_CONSTANT                            ; NO           ; Untyped             ;
; USE_EAB                                        ; OFF          ; Untyped             ;
; MAXIMIZE_SPEED                                 ; 5            ; Untyped             ;
; DEVICE_FAMILY                                  ; Cyclone IV E ; Untyped             ;
; CARRY_CHAIN                                    ; MANUAL       ; Untyped             ;
; APEX20K_TECHNOLOGY_MAPPER                      ; LUT          ; TECH_MAPPER_APEX20K ;
; DEDICATED_MULTIPLIER_CIRCUITRY                 ; AUTO         ; Untyped             ;
; DEDICATED_MULTIPLIER_MIN_INPUT_WIDTH_FOR_AUTO  ; 0            ; Untyped             ;
; DEDICATED_MULTIPLIER_MIN_OUTPUT_WIDTH_FOR_AUTO ; 0            ; Untyped             ;
; CBXI_PARAMETER                                 ; mult_7dt     ; Untyped             ;
; INPUT_A_FIXED_VALUE                            ; Bx           ; Untyped             ;
; INPUT_B_FIXED_VALUE                            ; Bx           ; Untyped             ;
; USE_AHDL_IMPLEMENTATION                        ; OFF          ; Untyped             ;
+------------------------------------------------+--------------+---------------------+
Note: In order to hide this table in the UI and the text report file, please set the "Show Parameter Settings in Synthesis Report" option in "Analysis and Synthesis Settings -> More Settings" to "Off".


+-------------------------------------------------------------------------+
; Parameter Settings for Inferred Entity Instance: Ula:T2|lpm_divide:Div0 ;
+------------------------+----------------+-------------------------------+
; Parameter Name         ; Value          ; Type                          ;
+------------------------+----------------+-------------------------------+
; LPM_WIDTHN             ; 32             ; Untyped                       ;
; LPM_WIDTHD             ; 32             ; Untyped                       ;
; LPM_NREPRESENTATION    ; UNSIGNED       ; Untyped                       ;
; LPM_DREPRESENTATION    ; UNSIGNED       ; Untyped                       ;
; LPM_PIPELINE           ; 0              ; Untyped                       ;
; LPM_REMAINDERPOSITIVE  ; TRUE           ; Untyped                       ;
; MAXIMIZE_SPEED         ; 5              ; Untyped                       ;
; CBXI_PARAMETER         ; lpm_divide_hkm ; Untyped                       ;
; CARRY_CHAIN            ; MANUAL         ; Untyped                       ;
; OPTIMIZE_FOR_SPEED     ; 5              ; Untyped                       ;
; AUTO_CARRY_CHAINS      ; ON             ; AUTO_CARRY                    ;
; IGNORE_CARRY_BUFFERS   ; OFF            ; IGNORE_CARRY                  ;
; AUTO_CASCADE_CHAINS    ; ON             ; AUTO_CASCADE                  ;
; IGNORE_CASCADE_BUFFERS ; OFF            ; IGNORE_CASCADE                ;
+------------------------+----------------+-------------------------------+
Note: In order to hide this table in the UI and the text report file, please set the "Show Parameter Settings in Synthesis Report" option in "Analysis and Synthesis Settings -> More Settings" to "Off".


+------------------------------------------------------------------------------------------------+
; altsyncram Parameter Settings by Entity Instance                                               ;
+-------------------------------------------+----------------------------------------------------+
; Name                                      ; Value                                              ;
+-------------------------------------------+----------------------------------------------------+
; Number of entity instances                ; 3                                                  ;
; Entity Instance                           ; banco_de_registradores:A1|altsyncram:memoria_rtl_0 ;
;     -- OPERATION_MODE                     ; DUAL_PORT                                          ;
;     -- WIDTH_A                            ; 31                                                 ;
;     -- NUMWORDS_A                         ; 32                                                 ;
;     -- OUTDATA_REG_A                      ; UNREGISTERED                                       ;
;     -- WIDTH_B                            ; 31                                                 ;
;     -- NUMWORDS_B                         ; 32                                                 ;
;     -- ADDRESS_REG_B                      ; CLOCK0                                             ;
;     -- OUTDATA_REG_B                      ; UNREGISTERED                                       ;
;     -- RAM_BLOCK_TYPE                     ; AUTO                                               ;
;     -- READ_DURING_WRITE_MODE_MIXED_PORTS ; OLD_DATA                                           ;
; Entity Instance                           ; banco_de_registradores:A1|altsyncram:memoria_rtl_1 ;
;     -- OPERATION_MODE                     ; DUAL_PORT                                          ;
;     -- WIDTH_A                            ; 31                                                 ;
;     -- NUMWORDS_A                         ; 32                                                 ;
;     -- OUTDATA_REG_A                      ; UNREGISTERED                                       ;
;     -- WIDTH_B                            ; 31                                                 ;
;     -- NUMWORDS_B                         ; 32                                                 ;
;     -- ADDRESS_REG_B                      ; CLOCK0                                             ;
;     -- OUTDATA_REG_B                      ; UNREGISTERED                                       ;
;     -- RAM_BLOCK_TYPE                     ; AUTO                                               ;
;     -- READ_DURING_WRITE_MODE_MIXED_PORTS ; OLD_DATA                                           ;
; Entity Instance                           ; memoria_de_dados:C1|altsyncram:ram_rtl_0           ;
;     -- OPERATION_MODE                     ; DUAL_PORT                                          ;
;     -- WIDTH_A                            ; 32                                                 ;
;     -- NUMWORDS_A                         ; 1024                                               ;
;     -- OUTDATA_REG_A                      ; UNREGISTERED                                       ;
;     -- WIDTH_B                            ; 32                                                 ;
;     -- NUMWORDS_B                         ; 1024                                               ;
;     -- ADDRESS_REG_B                      ; CLOCK0                                             ;
;     -- OUTDATA_REG_B                      ; UNREGISTERED                                       ;
;     -- RAM_BLOCK_TYPE                     ; AUTO                                               ;
;     -- READ_DURING_WRITE_MODE_MIXED_PORTS ; OLD_DATA                                           ;
+-------------------------------------------+----------------------------------------------------+


+---------------------------------------------------------------+
; lpm_mult Parameter Settings by Entity Instance                ;
+---------------------------------------+-----------------------+
; Name                                  ; Value                 ;
+---------------------------------------+-----------------------+
; Number of entity instances            ; 1                     ;
; Entity Instance                       ; Ula:T2|lpm_mult:Mult0 ;
;     -- LPM_WIDTHA                     ; 32                    ;
;     -- LPM_WIDTHB                     ; 32                    ;
;     -- LPM_WIDTHP                     ; 64                    ;
;     -- LPM_REPRESENTATION             ; UNSIGNED              ;
;     -- INPUT_A_IS_CONSTANT            ; NO                    ;
;     -- INPUT_B_IS_CONSTANT            ; NO                    ;
;     -- USE_EAB                        ; OFF                   ;
;     -- DEDICATED_MULTIPLIER_CIRCUITRY ; AUTO                  ;
;     -- INPUT_A_FIXED_VALUE            ; Bx                    ;
;     -- INPUT_B_FIXED_VALUE            ; Bx                    ;
+---------------------------------------+-----------------------+


+-------------------------------------------------------------------------------------------------------------------------------------+
; Port Connectivity Checks: "out:M1"                                                                                                  ;
+------+--------+----------+----------------------------------------------------------------------------------------------------------+
; Port ; Type   ; Severity ; Details                                                                                                  ;
+------+--------+----------+----------------------------------------------------------------------------------------------------------+
; d4   ; Output ; Warning  ; Declared by entity but not connected by instance. Logic that only feeds a dangling port will be removed. ;
; d5   ; Output ; Warning  ; Declared by entity but not connected by instance. Logic that only feeds a dangling port will be removed. ;
; d6   ; Output ; Warning  ; Declared by entity but not connected by instance. Logic that only feeds a dangling port will be removed. ;
; d7   ; Output ; Warning  ; Declared by entity but not connected by instance. Logic that only feeds a dangling port will be removed. ;
+------+--------+----------+----------------------------------------------------------------------------------------------------------+


+-------------------------------------------------------------------------------------------------------------------------------------------------------------------------------------+
; Port Connectivity Checks: "ula_pc:K1"                                                                                                                                               ;
+----------+--------+----------+------------------------------------------------------------------------------------------------------------------------------------------------------+
; Port     ; Type   ; Severity ; Details                                                                                                                                              ;
+----------+--------+----------+------------------------------------------------------------------------------------------------------------------------------------------------------+
; entrada1 ; Input  ; Warning  ; Input port expression (10 bits) is smaller than the input port (32 bits) it drives.  Extra input bit(s) "entrada1[31..10]" will be connected to GND. ;
; saida_pc ; Output ; Warning  ; Output or bidir port (32 bits) is wider than the port expression (10 bits) it drives; bit(s) "saida_pc[31..10]" have no fanouts                      ;
+----------+--------+----------+------------------------------------------------------------------------------------------------------------------------------------------------------+


+-----------------------------------------------------------------------------------------------------------------------------------------------------------------------------------------------+
; Port Connectivity Checks: "PC:J1"                                                                                                                                                             ;
+---------------+--------+----------+-----------------------------------------------------------------------------------------------------------------------------------------------------------+
; Port          ; Type   ; Severity ; Details                                                                                                                                                   ;
+---------------+--------+----------+-----------------------------------------------------------------------------------------------------------------------------------------------------------+
; pc            ; Output ; Warning  ; Output or bidir port (32 bits) is wider than the port expression (10 bits) it drives; bit(s) "pc[31..10]" have no fanouts                                 ;
; prox_endereco ; Input  ; Warning  ; Input port expression (10 bits) is smaller than the input port (32 bits) it drives.  Extra input bit(s) "prox_endereco[31..10]" will be connected to GND. ;
+---------------+--------+----------+-----------------------------------------------------------------------------------------------------------------------------------------------------------+


+-----------------------------------------------------------------------------------------------------------------------------------------------------------------------------------------------------+
; Port Connectivity Checks: "multiplexador3:I1"                                                                                                                                                       ;
+-------+--------+----------+-------------------------------------------------------------------------------------------------------------------------------------------------------------------------+
; Port  ; Type   ; Severity ; Details                                                                                                                                                                 ;
+-------+--------+----------+-------------------------------------------------------------------------------------------------------------------------------------------------------------------------+
; saida ; Output ; Warning  ; Output or bidir port (5 bits) is smaller than the port expression (32 bits) it drives.  The 27 most-significant bit(s) in the port expression will be connected to GND. ;
+-------+--------+----------+-------------------------------------------------------------------------------------------------------------------------------------------------------------------------+


+------------------------------------------------------------------------------------------------------------------------------------------------------------------------------------------------------------+
; Port Connectivity Checks: "unidade_de_controle:G1"                                                                                                                                                         ;
+------+-------+----------+----------------------------------------------------------------------------------------------------------------------------------------------------------------------------------+
; Port ; Type  ; Severity ; Details                                                                                                                                                                          ;
+------+-------+----------+----------------------------------------------------------------------------------------------------------------------------------------------------------------------------------+
; cond ; Input ; Warning  ; Input port expression (5 bits) is wider than the input port (4 bits) it drives.  The 1 most-significant bit(s) in the expression will be dangling if they have no other fanouts. ;
+------+-------+----------+----------------------------------------------------------------------------------------------------------------------------------------------------------------------------------+


+---------------------------------------------------------------------------------------------------------------------------------------------------------------------------------------------------------------------+
; Port Connectivity Checks: "memoria_de_dados:C1"                                                                                                                                                                     ;
+------------+-------+----------+-------------------------------------------------------------------------------------------------------------------------------------------------------------------------------------+
; Port       ; Type  ; Severity ; Details                                                                                                                                                                             ;
+------------+-------+----------+-------------------------------------------------------------------------------------------------------------------------------------------------------------------------------------+
; read_addr  ; Input ; Warning  ; Input port expression (32 bits) is wider than the input port (10 bits) it drives.  The 22 most-significant bit(s) in the expression will be dangling if they have no other fanouts. ;
; write_addr ; Input ; Warning  ; Input port expression (32 bits) is wider than the input port (10 bits) it drives.  The 22 most-significant bit(s) in the expression will be dangling if they have no other fanouts. ;
+------------+-------+----------+-------------------------------------------------------------------------------------------------------------------------------------------------------------------------------------+


+--------------------------------------------------------------------------------------------------------------------------------------------------------------------------------------------------------------+
; Port Connectivity Checks: "banco_de_registradores:A1"                                                                                                                                                        ;
+------+-------+----------+------------------------------------------------------------------------------------------------------------------------------------------------------------------------------------+
; Port ; Type  ; Severity ; Details                                                                                                                                                                            ;
+------+-------+----------+------------------------------------------------------------------------------------------------------------------------------------------------------------------------------------+
; rm   ; Input ; Warning  ; Input port expression (32 bits) is wider than the input port (5 bits) it drives.  The 27 most-significant bit(s) in the expression will be dangling if they have no other fanouts. ;
+------+-------+----------+------------------------------------------------------------------------------------------------------------------------------------------------------------------------------------+


+-----------------------------------------------------+
; Post-Synthesis Netlist Statistics for Top Partition ;
+-----------------------+-----------------------------+
; Type                  ; Count                       ;
+-----------------------+-----------------------------+
; boundary_port         ; 502                         ;
; cycloneiii_ff         ; 705                         ;
;     ENA               ; 546                         ;
;     ENA SCLR          ; 10                          ;
;     SCLR              ; 1                           ;
;     plain             ; 148                         ;
; cycloneiii_lcell_comb ; 5159                        ;
;     arith             ; 1366                        ;
;         2 data inputs ; 44                          ;
;         3 data inputs ; 1322                        ;
;     normal            ; 3793                        ;
;         0 data inputs ; 142                         ;
;         1 data inputs ; 19                          ;
;         2 data inputs ; 1309                        ;
;         3 data inputs ; 287                         ;
;         4 data inputs ; 2036                        ;
; cycloneiii_mac_mult   ; 3                           ;
; cycloneiii_mac_out    ; 3                           ;
; cycloneiii_ram_block  ; 94                          ;
;                       ;                             ;
; Max LUT depth         ; 130.50                      ;
; Average LUT depth     ; 79.24                       ;
+-----------------------+-----------------------------+


+-------------------------------+
; Elapsed Time Per Partition    ;
+----------------+--------------+
; Partition Name ; Elapsed Time ;
+----------------+--------------+
; Top            ; 00:00:09     ;
+----------------+--------------+


+-------------------------------+
; Analysis & Synthesis Messages ;
+-------------------------------+
Info: *******************************************************************
Info: Running Quartus Prime Analysis & Synthesis
    Info: Version 20.1.0 Build 711 06/05/2020 SJ Standard Edition
    Info: Processing started: Mon Aug 31 19:39:32 2026
Info: Command: quartus_map --read_settings_files=on --write_settings_files=off Processador -c Processador
Warning (18236): Number of processors has not been specified which may cause overloading on shared machines.  Set the global assignment NUM_PARALLEL_PROCESSORS in your QSF to an appropriate value for best performance.
Info (20030): Parallel compilation is enabled and will use 2 of the 2 processors detected
Info (12021): Found 1 design units, including 1 entities, in source file unidade_de_controle.v
    Info (12023): Found entity 1: unidade_de_controle File: /home/andre/Documentos/Laboratorio_de_Compiladores/Compilador_C_Minus/Processador_ARM/Processador_Quase_gcd_restored/unidade_de_controle.v Line: 1
Info (12021): Found 1 design units, including 1 entities, in source file banco_de_registradores.v
    Info (12023): Found entity 1: banco_de_registradores File: /home/andre/Documentos/Laboratorio_de_Compiladores/Compilador_C_Minus/Processador_ARM/Processador_Quase_gcd_restored/banco_de_registradores.v Line: 1
Info (12021): Found 1 design units, including 1 entities, in source file Ula.v
    Info (12023): Found entity 1: Ula File: /home/andre/Documentos/Laboratorio_de_Compiladores/Compilador_C_Minus/Processador_ARM/Processador_Quase_gcd_restored/Ula.v Line: 1
Info (12021): Found 1 design units, including 1 entities, in source file Processador.v
    Info (12023): Found entity 1: Processador File: /home/andre/Documentos/Laboratorio_de_Compiladores/Compilador_C_Minus/Processador_ARM/Processador_Quase_gcd_restored/Processador.v Line: 1
Info (12021): Found 1 design units, including 1 entities, in source file memoria_de_dados.v
    Info (12023): Found entity 1: memoria_de_dados File: /home/andre/Documentos/Laboratorio_de_Compiladores/Compilador_C_Minus/Processador_ARM/Processador_Quase_gcd_restored/memoria_de_dados.v Line: 5
Info (12021): Found 1 design units, including 1 entities, in source file memoria_de_instrucoes.v
    Info (12023): Found entity 1: memoria_de_instrucoes File: /home/andre/Documentos/Laboratorio_de_Compiladores/Compilador_C_Minus/Processador_ARM/Processador_Quase_gcd_restored/memoria_de_instrucoes.v Line: 4
Info (12021): Found 1 design units, including 1 entities, in source file multiplexador1.v
    Info (12023): Found entity 1: multiplexador1 File: /home/andre/Documentos/Laboratorio_de_Compiladores/Compilador_C_Minus/Processador_ARM/Processador_Quase_gcd_restored/multiplexador1.v Line: 1
Warning (10229): Verilog HDL Expression warning at extensor_bit.v(23): truncated literal to match 32 bits File: /home/andre/Documentos/Laboratorio_de_Compiladores/Compilador_C_Minus/Processador_ARM/Processador_Quase_gcd_restored/extensor_bit.v Line: 23
Warning (10229): Verilog HDL Expression warning at extensor_bit.v(27): truncated literal to match 32 bits File: /home/andre/Documentos/Laboratorio_de_Compiladores/Compilador_C_Minus/Processador_ARM/Processador_Quase_gcd_restored/extensor_bit.v Line: 27
Info (12021): Found 1 design units, including 1 entities, in source file extensor_bit.v
    Info (12023): Found entity 1: extensor_bit File: /home/andre/Documentos/Laboratorio_de_Compiladores/Compilador_C_Minus/Processador_ARM/Processador_Quase_gcd_restored/extensor_bit.v Line: 1
Info (12021): Found 1 design units, including 1 entities, in source file multiplexador2.v
    Info (12023): Found entity 1: multiplexador2 File: /home/andre/Documentos/Laboratorio_de_Compiladores/Compilador_C_Minus/Processador_ARM/Processador_Quase_gcd_restored/multiplexador2.v Line: 1
Info (12021): Found 1 design units, including 1 entities, in source file PC.v
    Info (12023): Found entity 1: PC File: /home/andre/Documentos/Laboratorio_de_Compiladores/Compilador_C_Minus/Processador_ARM/Processador_Quase_gcd_restored/PC.v Line: 1
Info (12021): Found 1 design units, including 1 entities, in source file ula_pc.v
    Info (12023): Found entity 1: ula_pc File: /home/andre/Documentos/Laboratorio_de_Compiladores/Compilador_C_Minus/Processador_ARM/Processador_Quase_gcd_restored/ula_pc.v Line: 1
Info (12021): Found 1 design units, including 1 entities, in source file logica_memoria_de_dados.v
    Info (12023): Found entity 1: logica_memoria_de_dados File: /home/andre/Documentos/Laboratorio_de_Compiladores/Compilador_C_Minus/Processador_ARM/Processador_Quase_gcd_restored/logica_memoria_de_dados.v Line: 1
Info (12021): Found 1 design units, including 1 entities, in source file multiplexador3.v
    Info (12023): Found entity 1: multiplexador3 File: /home/andre/Documentos/Laboratorio_de_Compiladores/Compilador_C_Minus/Processador_ARM/Processador_Quase_gcd_restored/multiplexador3.v Line: 1
Info (12021): Found 1 design units, including 1 entities, in source file multiplexador_pc.v
    Info (12023): Found entity 1: multiplexador_pc File: /home/andre/Documentos/Laboratorio_de_Compiladores/Compilador_C_Minus/Processador_ARM/Processador_Quase_gcd_restored/multiplexador_pc.v Line: 1
Info (12021): Found 1 design units, including 1 entities, in source file contato1.v
    Info (12023): Found entity 1: contato1 File: /home/andre/Documentos/Laboratorio_de_Compiladores/Compilador_C_Minus/Processador_ARM/Processador_Quase_gcd_restored/contato1.v Line: 1
Info (12021): Found 1 design units, including 1 entities, in source file bcd.v
    Info (12023): Found entity 1: bcd File: /home/andre/Documentos/Laboratorio_de_Compiladores/Compilador_C_Minus/Processador_ARM/Processador_Quase_gcd_restored/bcd.v Line: 1
Info (12021): Found 1 design units, including 1 entities, in source file out.v
    Info (12023): Found entity 1: out File: /home/andre/Documentos/Laboratorio_de_Compiladores/Compilador_C_Minus/Processador_ARM/Processador_Quase_gcd_restored/out.v Line: 1
Info (12021): Found 1 design units, including 1 entities, in source file mult_in.v
    Info (12023): Found entity 1: mult_in File: /home/andre/Documentos/Laboratorio_de_Compiladores/Compilador_C_Minus/Processador_ARM/Processador_Quase_gcd_restored/mult_in.v Line: 1
Info (12021): Found 1 design units, including 1 entities, in source file flags_reg.v
    Info (12023): Found entity 1: flags_reg File: /home/andre/Documentos/Laboratorio_de_Compiladores/Compilador_C_Minus/Processador_ARM/Processador_Quase_gcd_restored/flags_reg.v Line: 1
Info (12021): Found 1 design units, including 1 entities, in source file debounce.v
    Info (12023): Found entity 1: debounce File: /home/andre/Documentos/Laboratorio_de_Compiladores/Compilador_C_Minus/Processador_ARM/Processador_Quase_gcd_restored/debounce.v Line: 1
Warning (10227): Verilog HDL Port Declaration warning at Processador.v(28): data type declaration for "imediato" declares packed dimensions but the port declaration declaration does not File: /home/andre/Documentos/Laboratorio_de_Compiladores/Compilador_C_Minus/Processador_ARM/Processador_Quase_gcd_restored/Processador.v Line: 28
Info (10499): HDL info at Processador.v(14): see declaration for object "imediato" File: /home/andre/Documentos/Laboratorio_de_Compiladores/Compilador_C_Minus/Processador_ARM/Processador_Quase_gcd_restored/Processador.v Line: 14
Critical Warning (10846): Verilog HDL Instantiation warning at Processador.v(77): instance has no name File: /home/andre/Documentos/Laboratorio_de_Compiladores/Compilador_C_Minus/Processador_ARM/Processador_Quase_gcd_restored/Processador.v Line: 77
Info (12127): Elaborating entity "Processador" for the top level hierarchy
Warning (10858): Verilog HDL warning at Processador.v(11): object contador used but never assigned File: /home/andre/Documentos/Laboratorio_de_Compiladores/Compilador_C_Minus/Processador_ARM/Processador_Quase_gcd_restored/Processador.v Line: 11
Warning (10030): Net "contador" at Processador.v(11) has no driver or initial value, using a default initial value '0' File: /home/andre/Documentos/Laboratorio_de_Compiladores/Compilador_C_Minus/Processador_ARM/Processador_Quase_gcd_restored/Processador.v Line: 11
Warning (10034): Output port "dado_escrita" at Processador.v(25) has no driver File: /home/andre/Documentos/Laboratorio_de_Compiladores/Compilador_C_Minus/Processador_ARM/Processador_Quase_gcd_restored/Processador.v Line: 25
Warning (10034): Output port "positivo" at Processador.v(18) has no driver File: /home/andre/Documentos/Laboratorio_de_Compiladores/Compilador_C_Minus/Processador_ARM/Processador_Quase_gcd_restored/Processador.v Line: 18
Info (12128): Elaborating entity "contato1" for hierarchy "contato1:comb_127" File: /home/andre/Documentos/Laboratorio_de_Compiladores/Compilador_C_Minus/Processador_ARM/Processador_Quase_gcd_restored/Processador.v Line: 77
Warning (10230): Verilog HDL assignment warning at contato1.v(26): truncated value with size 32 to match size of target (28) File: /home/andre/Documentos/Laboratorio_de_Compiladores/Compilador_C_Minus/Processador_ARM/Processador_Quase_gcd_restored/contato1.v Line: 26
Info (12128): Elaborating entity "banco_de_registradores" for hierarchy "banco_de_registradores:A1" File: /home/andre/Documentos/Laboratorio_de_Compiladores/Compilador_C_Minus/Processador_ARM/Processador_Quase_gcd_restored/Processador.v Line: 78
Info (12128): Elaborating entity "Ula" for hierarchy "Ula:T2" File: /home/andre/Documentos/Laboratorio_de_Compiladores/Compilador_C_Minus/Processador_ARM/Processador_Quase_gcd_restored/Processador.v Line: 79
Warning (10036): Verilog HDL or VHDL warning at Ula.v(4): object "r0" assigned a value but never read File: /home/andre/Documentos/Laboratorio_de_Compiladores/Compilador_C_Minus/Processador_ARM/Processador_Quase_gcd_restored/Ula.v Line: 4
Warning (10270): Verilog HDL Case Statement warning at Ula.v(9): incomplete case statement has no default case item File: /home/andre/Documentos/Laboratorio_de_Compiladores/Compilador_C_Minus/Processador_ARM/Processador_Quase_gcd_restored/Ula.v Line: 9
Warning (10240): Verilog HDL Always Construct warning at Ula.v(7): inferring latch(es) for variable "r", which holds its previous value in one or more paths through the always construct File: /home/andre/Documentos/Laboratorio_de_Compiladores/Compilador_C_Minus/Processador_ARM/Processador_Quase_gcd_restored/Ula.v Line: 7
Info (10041): Inferred latch for "r[0]" at Ula.v(7) File: /home/andre/Documentos/Laboratorio_de_Compiladores/Compilador_C_Minus/Processador_ARM/Processador_Quase_gcd_restored/Ula.v Line: 7
Info (10041): Inferred latch for "r[1]" at Ula.v(7) File: /home/andre/Documentos/Laboratorio_de_Compiladores/Compilador_C_Minus/Processador_ARM/Processador_Quase_gcd_restored/Ula.v Line: 7
Info (10041): Inferred latch for "r[2]" at Ula.v(7) File: /home/andre/Documentos/Laboratorio_de_Compiladores/Compilador_C_Minus/Processador_ARM/Processador_Quase_gcd_restored/Ula.v Line: 7
Info (10041): Inferred latch for "r[3]" at Ula.v(7) File: /home/andre/Documentos/Laboratorio_de_Compiladores/Compilador_C_Minus/Processador_ARM/Processador_Quase_gcd_restored/Ula.v Line: 7
Info (10041): Inferred latch for "r[4]" at Ula.v(7) File: /home/andre/Documentos/Laboratorio_de_Compiladores/Compilador_C_Minus/Processador_ARM/Processador_Quase_gcd_restored/Ula.v Line: 7
Info (10041): Inferred latch for "r[5]" at Ula.v(7) File: /home/andre/Documentos/Laboratorio_de_Compiladores/Compilador_C_Minus/Processador_ARM/Processador_Quase_gcd_restored/Ula.v Line: 7
Info (10041): Inferred latch for "r[6]" at Ula.v(7) File: /home/andre/Documentos/Laboratorio_de_Compiladores/Compilador_C_Minus/Processador_ARM/Processador_Quase_gcd_restored/Ula.v Line: 7
Info (10041): Inferred latch for "r[7]" at Ula.v(7) File: /home/andre/Documentos/Laboratorio_de_Compiladores/Compilador_C_Minus/Processador_ARM/Processador_Quase_gcd_restored/Ula.v Line: 7
Info (10041): Inferred latch for "r[8]" at Ula.v(7) File: /home/andre/Documentos/Laboratorio_de_Compiladores/Compilador_C_Minus/Processador_ARM/Processador_Quase_gcd_restored/Ula.v Line: 7
Info (10041): Inferred latch for "r[9]" at Ula.v(7) File: /home/andre/Documentos/Laboratorio_de_Compiladores/Compilador_C_Minus/Processador_ARM/Processador_Quase_gcd_restored/Ula.v Line: 7
Info (10041): Inferred latch for "r[10]" at Ula.v(7) File: /home/andre/Documentos/Laboratorio_de_Compiladores/Compilador_C_Minus/Processador_ARM/Processador_Quase_gcd_restored/Ula.v Line: 7
Info (10041): Inferred latch for "r[11]" at Ula.v(7) File: /home/andre/Documentos/Laboratorio_de_Compiladores/Compilador_C_Minus/Processador_ARM/Processador_Quase_gcd_restored/Ula.v Line: 7
Info (10041): Inferred latch for "r[12]" at Ula.v(7) File: /home/andre/Documentos/Laboratorio_de_Compiladores/Compilador_C_Minus/Processador_ARM/Processador_Quase_gcd_restored/Ula.v Line: 7
Info (10041): Inferred latch for "r[13]" at Ula.v(7) File: /home/andre/Documentos/Laboratorio_de_Compiladores/Compilador_C_Minus/Processador_ARM/Processador_Quase_gcd_restored/Ula.v Line: 7
Info (10041): Inferred latch for "r[14]" at Ula.v(7) File: /home/andre/Documentos/Laboratorio_de_Compiladores/Compilador_C_Minus/Processador_ARM/Processador_Quase_gcd_restored/Ula.v Line: 7
Info (10041): Inferred latch for "r[15]" at Ula.v(7) File: /home/andre/Documentos/Laboratorio_de_Compiladores/Compilador_C_Minus/Processador_ARM/Processador_Quase_gcd_restored/Ula.v Line: 7
Info (10041): Inferred latch for "r[16]" at Ula.v(7) File: /home/andre/Documentos/Laboratorio_de_Compiladores/Compilador_C_Minus/Processador_ARM/Processador_Quase_gcd_restored/Ula.v Line: 7
Info (10041): Inferred latch for "r[17]" at Ula.v(7) File: /home/andre/Documentos/Laboratorio_de_Compiladores/Compilador_C_Minus/Processador_ARM/Processador_Quase_gcd_restored/Ula.v Line: 7
Info (10041): Inferred latch for "r[18]" at Ula.v(7) File: /home/andre/Documentos/Laboratorio_de_Compiladores/Compilador_C_Minus/Processador_ARM/Processador_Quase_gcd_restored/Ula.v Line: 7
Info (10041): Inferred latch for "r[19]" at Ula.v(7) File: /home/andre/Documentos/Laboratorio_de_Compiladores/Compilador_C_Minus/Processador_ARM/Processador_Quase_gcd_restored/Ula.v Line: 7
Info (10041): Inferred latch for "r[20]" at Ula.v(7) File: /home/andre/Documentos/Laboratorio_de_Compiladores/Compilador_C_Minus/Processador_ARM/Processador_Quase_gcd_restored/Ula.v Line: 7
Info (10041): Inferred latch for "r[21]" at Ula.v(7) File: /home/andre/Documentos/Laboratorio_de_Compiladores/Compilador_C_Minus/Processador_ARM/Processador_Quase_gcd_restored/Ula.v Line: 7
Info (10041): Inferred latch for "r[22]" at Ula.v(7) File: /home/andre/Documentos/Laboratorio_de_Compiladores/Compilador_C_Minus/Processador_ARM/Processador_Quase_gcd_restored/Ula.v Line: 7
Info (10041): Inferred latch for "r[23]" at Ula.v(7) File: /home/andre/Documentos/Laboratorio_de_Compiladores/Compilador_C_Minus/Processador_ARM/Processador_Quase_gcd_restored/Ula.v Line: 7
Info (10041): Inferred latch for "r[24]" at Ula.v(7) File: /home/andre/Documentos/Laboratorio_de_Compiladores/Compilador_C_Minus/Processador_ARM/Processador_Quase_gcd_restored/Ula.v Line: 7
Info (10041): Inferred latch for "r[25]" at Ula.v(7) File: /home/andre/Documentos/Laboratorio_de_Compiladores/Compilador_C_Minus/Processador_ARM/Processador_Quase_gcd_restored/Ula.v Line: 7
Info (10041): Inferred latch for "r[26]" at Ula.v(7) File: /home/andre/Documentos/Laboratorio_de_Compiladores/Compilador_C_Minus/Processador_ARM/Processador_Quase_gcd_restored/Ula.v Line: 7
Info (10041): Inferred latch for "r[27]" at Ula.v(7) File: /home/andre/Documentos/Laboratorio_de_Compiladores/Compilador_C_Minus/Processador_ARM/Processador_Quase_gcd_restored/Ula.v Line: 7
Info (10041): Inferred latch for "r[28]" at Ula.v(7) File: /home/andre/Documentos/Laboratorio_de_Compiladores/Compilador_C_Minus/Processador_ARM/Processador_Quase_gcd_restored/Ula.v Line: 7
Info (10041): Inferred latch for "r[29]" at Ula.v(7) File: /home/andre/Documentos/Laboratorio_de_Compiladores/Compilador_C_Minus/Processador_ARM/Processador_Quase_gcd_restored/Ula.v Line: 7
Info (10041): Inferred latch for "r[30]" at Ula.v(7) File: /home/andre/Documentos/Laboratorio_de_Compiladores/Compilador_C_Minus/Processador_ARM/Processador_Quase_gcd_restored/Ula.v Line: 7
Info (10041): Inferred latch for "r[31]" at Ula.v(7) File: /home/andre/Documentos/Laboratorio_de_Compiladores/Compilador_C_Minus/Processador_ARM/Processador_Quase_gcd_restored/Ula.v Line: 7
Info (12128): Elaborating entity "memoria_de_instrucoes" for hierarchy "memoria_de_instrucoes:B1" File: /home/andre/Documentos/Laboratorio_de_Compiladores/Compilador_C_Minus/Processador_ARM/Processador_Quase_gcd_restored/Processador.v Line: 80
Warning (10850): Verilog HDL warning at memoria_de_instrucoes.v(25): number of words (75) in memory file does not match the number of elements in the address range [0:1023] File: /home/andre/Documentos/Laboratorio_de_Compiladores/Compilador_C_Minus/Processador_ARM/Processador_Quase_gcd_restored/memoria_de_instrucoes.v Line: 25
Warning (10030): Net "rom.data_a" at memoria_de_instrucoes.v(13) has no driver or initial value, using a default initial value '0' File: /home/andre/Documentos/Laboratorio_de_Compiladores/Compilador_C_Minus/Processador_ARM/Processador_Quase_gcd_restored/memoria_de_instrucoes.v Line: 13
Warning (10030): Net "rom.waddr_a" at memoria_de_instrucoes.v(13) has no driver or initial value, using a default initial value '0' File: /home/andre/Documentos/Laboratorio_de_Compiladores/Compilador_C_Minus/Processador_ARM/Processador_Quase_gcd_restored/memoria_de_instrucoes.v Line: 13
Warning (10030): Net "rom.we_a" at memoria_de_instrucoes.v(13) has no driver or initial value, using a default initial value '0' File: /home/andre/Documentos/Laboratorio_de_Compiladores/Compilador_C_Minus/Processador_ARM/Processador_Quase_gcd_restored/memoria_de_instrucoes.v Line: 13
Info (12128): Elaborating entity "memoria_de_dados" for hierarchy "memoria_de_dados:C1" File: /home/andre/Documentos/Laboratorio_de_Compiladores/Compilador_C_Minus/Processador_ARM/Processador_Quase_gcd_restored/Processador.v Line: 81
Info (12128): Elaborating entity "multiplexador1" for hierarchy "multiplexador1:D1" File: /home/andre/Documentos/Laboratorio_de_Compiladores/Compilador_C_Minus/Processador_ARM/Processador_Quase_gcd_restored/Processador.v Line: 82
Info (12128): Elaborating entity "extensor_bit" for hierarchy "extensor_bit:E1" File: /home/andre/Documentos/Laboratorio_de_Compiladores/Compilador_C_Minus/Processador_ARM/Processador_Quase_gcd_restored/Processador.v Line: 83
Info (12128): Elaborating entity "multiplexador2" for hierarchy "multiplexador2:F1" File: /home/andre/Documentos/Laboratorio_de_Compiladores/Compilador_C_Minus/Processador_ARM/Processador_Quase_gcd_restored/Processador.v Line: 84
Info (12128): Elaborating entity "flags_reg" for hierarchy "flags_reg:FLAGS1" File: /home/andre/Documentos/Laboratorio_de_Compiladores/Compilador_C_Minus/Processador_ARM/Processador_Quase_gcd_restored/Processador.v Line: 86
Info (12128): Elaborating entity "unidade_de_controle" for hierarchy "unidade_de_controle:G1" File: /home/andre/Documentos/Laboratorio_de_Compiladores/Compilador_C_Minus/Processador_ARM/Processador_Quase_gcd_restored/Processador.v Line: 90
Warning (10270): Verilog HDL Case Statement warning at unidade_de_controle.v(16): incomplete case statement has no default case item File: /home/andre/Documentos/Laboratorio_de_Compiladores/Compilador_C_Minus/Processador_ARM/Processador_Quase_gcd_restored/unidade_de_controle.v Line: 16
Warning (10270): Verilog HDL Case Statement warning at unidade_de_controle.v(176): incomplete case statement has no default case item File: /home/andre/Documentos/Laboratorio_de_Compiladores/Compilador_C_Minus/Processador_ARM/Processador_Quase_gcd_restored/unidade_de_controle.v Line: 176
Warning (10270): Verilog HDL Case Statement warning at unidade_de_controle.v(215): incomplete case statement has no default case item File: /home/andre/Documentos/Laboratorio_de_Compiladores/Compilador_C_Minus/Processador_ARM/Processador_Quase_gcd_restored/unidade_de_controle.v Line: 215
Warning (10270): Verilog HDL Case Statement warning at unidade_de_controle.v(321): incomplete case statement has no default case item File: /home/andre/Documentos/Laboratorio_de_Compiladores/Compilador_C_Minus/Processador_ARM/Processador_Quase_gcd_restored/unidade_de_controle.v Line: 321
Info (10264): Verilog HDL Case Statement information at unidade_de_controle.v(321): all case item expressions in this case statement are onehot File: /home/andre/Documentos/Laboratorio_de_Compiladores/Compilador_C_Minus/Processador_ARM/Processador_Quase_gcd_restored/unidade_de_controle.v Line: 321
Warning (10240): Verilog HDL Always Construct warning at unidade_de_controle.v(13): inferring latch(es) for variable "OperacaoULA", which holds its previous value in one or more paths through the always construct File: /home/andre/Documentos/Laboratorio_de_Compiladores/Compilador_C_Minus/Processador_ARM/Processador_Quase_gcd_restored/unidade_de_controle.v Line: 13
Warning (10240): Verilog HDL Always Construct warning at unidade_de_controle.v(13): inferring latch(es) for variable "OperandoULA", which holds its previous value in one or more paths through the always construct File: /home/andre/Documentos/Laboratorio_de_Compiladores/Compilador_C_Minus/Processador_ARM/Processador_Quase_gcd_restored/unidade_de_controle.v Line: 13
Warning (10240): Verilog HDL Always Construct warning at unidade_de_controle.v(13): inferring latch(es) for variable "EscritaReg", which holds its previous value in one or more paths through the always construct File: /home/andre/Documentos/Laboratorio_de_Compiladores/Compilador_C_Minus/Processador_ARM/Processador_Quase_gcd_restored/unidade_de_controle.v Line: 13
Warning (10240): Verilog HDL Always Construct warning at unidade_de_controle.v(13): inferring latch(es) for variable "Imediato", which holds its previous value in one or more paths through the always construct File: /home/andre/Documentos/Laboratorio_de_Compiladores/Compilador_C_Minus/Processador_ARM/Processador_Quase_gcd_restored/unidade_de_controle.v Line: 13
Warning (10240): Verilog HDL Always Construct warning at unidade_de_controle.v(13): inferring latch(es) for variable "EscritaMem", which holds its previous value in one or more paths through the always construct File: /home/andre/Documentos/Laboratorio_de_Compiladores/Compilador_C_Minus/Processador_ARM/Processador_Quase_gcd_restored/unidade_de_controle.v Line: 13
Warning (10240): Verilog HDL Always Construct warning at unidade_de_controle.v(13): inferring latch(es) for variable "MemToReg", which holds its previous value in one or more paths through the always construct File: /home/andre/Documentos/Laboratorio_de_Compiladores/Compilador_C_Minus/Processador_ARM/Processador_Quase_gcd_restored/unidade_de_controle.v Line: 13
Warning (10240): Verilog HDL Always Construct warning at unidade_de_controle.v(13): inferring latch(es) for variable "PCFonte", which holds its previous value in one or more paths through the always construct File: /home/andre/Documentos/Laboratorio_de_Compiladores/Compilador_C_Minus/Processador_ARM/Processador_Quase_gcd_restored/unidade_de_controle.v Line: 13
Warning (10240): Verilog HDL Always Construct warning at unidade_de_controle.v(13): inferring latch(es) for variable "RegFonte", which holds its previous value in one or more paths through the always construct File: /home/andre/Documentos/Laboratorio_de_Compiladores/Compilador_C_Minus/Processador_ARM/Processador_Quase_gcd_restored/unidade_de_controle.v Line: 13
Warning (10240): Verilog HDL Always Construct warning at unidade_de_controle.v(13): inferring latch(es) for variable "entrada_io", which holds its previous value in one or more paths through the always construct File: /home/andre/Documentos/Laboratorio_de_Compiladores/Compilador_C_Minus/Processador_ARM/Processador_Quase_gcd_restored/unidade_de_controle.v Line: 13
Warning (10240): Verilog HDL Always Construct warning at unidade_de_controle.v(13): inferring latch(es) for variable "controle_out", which holds its previous value in one or more paths through the always construct File: /home/andre/Documentos/Laboratorio_de_Compiladores/Compilador_C_Minus/Processador_ARM/Processador_Quase_gcd_restored/unidade_de_controle.v Line: 13
Info (10041): Inferred latch for "controle_out" at unidade_de_controle.v(13) File: /home/andre/Documentos/Laboratorio_de_Compiladores/Compilador_C_Minus/Processador_ARM/Processador_Quase_gcd_restored/unidade_de_controle.v Line: 13
Info (10041): Inferred latch for "entrada_io" at unidade_de_controle.v(13) File: /home/andre/Documentos/Laboratorio_de_Compiladores/Compilador_C_Minus/Processador_ARM/Processador_Quase_gcd_restored/unidade_de_controle.v Line: 13
Info (10041): Inferred latch for "RegFonte" at unidade_de_controle.v(13) File: /home/andre/Documentos/Laboratorio_de_Compiladores/Compilador_C_Minus/Processador_ARM/Processador_Quase_gcd_restored/unidade_de_controle.v Line: 13
Info (10041): Inferred latch for "PCFonte" at unidade_de_controle.v(13) File: /home/andre/Documentos/Laboratorio_de_Compiladores/Compilador_C_Minus/Processador_ARM/Processador_Quase_gcd_restored/unidade_de_controle.v Line: 13
Info (10041): Inferred latch for "MemToReg" at unidade_de_controle.v(13) File: /home/andre/Documentos/Laboratorio_de_Compiladores/Compilador_C_Minus/Processador_ARM/Processador_Quase_gcd_restored/unidade_de_controle.v Line: 13
Info (10041): Inferred latch for "EscritaMem" at unidade_de_controle.v(13) File: /home/andre/Documentos/Laboratorio_de_Compiladores/Compilador_C_Minus/Processador_ARM/Processador_Quase_gcd_restored/unidade_de_controle.v Line: 13
Info (10041): Inferred latch for "Imediato[0]" at unidade_de_controle.v(13) File: /home/andre/Documentos/Laboratorio_de_Compiladores/Compilador_C_Minus/Processador_ARM/Processador_Quase_gcd_restored/unidade_de_controle.v Line: 13
Info (10041): Inferred latch for "Imediato[1]" at unidade_de_controle.v(13) File: /home/andre/Documentos/Laboratorio_de_Compiladores/Compilador_C_Minus/Processador_ARM/Processador_Quase_gcd_restored/unidade_de_controle.v Line: 13
Info (10041): Inferred latch for "EscritaReg" at unidade_de_controle.v(13) File: /home/andre/Documentos/Laboratorio_de_Compiladores/Compilador_C_Minus/Processador_ARM/Processador_Quase_gcd_restored/unidade_de_controle.v Line: 13
Info (10041): Inferred latch for "OperandoULA" at unidade_de_controle.v(13) File: /home/andre/Documentos/Laboratorio_de_Compiladores/Compilador_C_Minus/Processador_ARM/Processador_Quase_gcd_restored/unidade_de_controle.v Line: 13
Info (10041): Inferred latch for "OperacaoULA[0]" at unidade_de_controle.v(13) File: /home/andre/Documentos/Laboratorio_de_Compiladores/Compilador_C_Minus/Processador_ARM/Processador_Quase_gcd_restored/unidade_de_controle.v Line: 13
Info (10041): Inferred latch for "OperacaoULA[1]" at unidade_de_controle.v(13) File: /home/andre/Documentos/Laboratorio_de_Compiladores/Compilador_C_Minus/Processador_ARM/Processador_Quase_gcd_restored/unidade_de_controle.v Line: 13
Info (10041): Inferred latch for "OperacaoULA[2]" at unidade_de_controle.v(13) File: /home/andre/Documentos/Laboratorio_de_Compiladores/Compilador_C_Minus/Processador_ARM/Processador_Quase_gcd_restored/unidade_de_controle.v Line: 13
Info (10041): Inferred latch for "OperacaoULA[3]" at unidade_de_controle.v(13) File: /home/andre/Documentos/Laboratorio_de_Compiladores/Compilador_C_Minus/Processador_ARM/Processador_Quase_gcd_restored/unidade_de_controle.v Line: 13
Info (12128): Elaborating entity "logica_memoria_de_dados" for hierarchy "logica_memoria_de_dados:H1" File: /home/andre/Documentos/Laboratorio_de_Compiladores/Compilador_C_Minus/Processador_ARM/Processador_Quase_gcd_restored/Processador.v Line: 92
Warning (10240): Verilog HDL Always Construct warning at logica_memoria_de_dados.v(9): inferring latch(es) for variable "saida1", which holds its previous value in one or more paths through the always construct File: /home/andre/Documentos/Laboratorio_de_Compiladores/Compilador_C_Minus/Processador_ARM/Processador_Quase_gcd_restored/logica_memoria_de_dados.v Line: 9
Warning (10240): Verilog HDL Always Construct warning at logica_memoria_de_dados.v(9): inferring latch(es) for variable "saida2", which holds its previous value in one or more paths through the always construct File: /home/andre/Documentos/Laboratorio_de_Compiladores/Compilador_C_Minus/Processador_ARM/Processador_Quase_gcd_restored/logica_memoria_de_dados.v Line: 9
Info (10041): Inferred latch for "saida2[0]" at logica_memoria_de_dados.v(13) File: /home/andre/Documentos/Laboratorio_de_Compiladores/Compilador_C_Minus/Processador_ARM/Processador_Quase_gcd_restored/logica_memoria_de_dados.v Line: 13
Info (10041): Inferred latch for "saida2[1]" at logica_memoria_de_dados.v(13) File: /home/andre/Documentos/Laboratorio_de_Compiladores/Compilador_C_Minus/Processador_ARM/Processador_Quase_gcd_restored/logica_memoria_de_dados.v Line: 13
Info (10041): Inferred latch for "saida2[2]" at logica_memoria_de_dados.v(13) File: /home/andre/Documentos/Laboratorio_de_Compiladores/Compilador_C_Minus/Processador_ARM/Processador_Quase_gcd_restored/logica_memoria_de_dados.v Line: 13
Info (10041): Inferred latch for "saida2[3]" at logica_memoria_de_dados.v(13) File: /home/andre/Documentos/Laboratorio_de_Compiladores/Compilador_C_Minus/Processador_ARM/Processador_Quase_gcd_restored/logica_memoria_de_dados.v Line: 13
Info (10041): Inferred latch for "saida2[4]" at logica_memoria_de_dados.v(13) File: /home/andre/Documentos/Laboratorio_de_Compiladores/Compilador_C_Minus/Processador_ARM/Processador_Quase_gcd_restored/logica_memoria_de_dados.v Line: 13
Info (10041): Inferred latch for "saida2[5]" at logica_memoria_de_dados.v(13) File: /home/andre/Documentos/Laboratorio_de_Compiladores/Compilador_C_Minus/Processador_ARM/Processador_Quase_gcd_restored/logica_memoria_de_dados.v Line: 13
Info (10041): Inferred latch for "saida2[6]" at logica_memoria_de_dados.v(13) File: /home/andre/Documentos/Laboratorio_de_Compiladores/Compilador_C_Minus/Processador_ARM/Processador_Quase_gcd_restored/logica_memoria_de_dados.v Line: 13
Info (10041): Inferred latch for "saida2[7]" at logica_memoria_de_dados.v(13) File: /home/andre/Documentos/Laboratorio_de_Compiladores/Compilador_C_Minus/Processador_ARM/Processador_Quase_gcd_restored/logica_memoria_de_dados.v Line: 13
Info (10041): Inferred latch for "saida2[8]" at logica_memoria_de_dados.v(13) File: /home/andre/Documentos/Laboratorio_de_Compiladores/Compilador_C_Minus/Processador_ARM/Processador_Quase_gcd_restored/logica_memoria_de_dados.v Line: 13
Info (10041): Inferred latch for "saida2[9]" at logica_memoria_de_dados.v(13) File: /home/andre/Documentos/Laboratorio_de_Compiladores/Compilador_C_Minus/Processador_ARM/Processador_Quase_gcd_restored/logica_memoria_de_dados.v Line: 13
Info (10041): Inferred latch for "saida2[10]" at logica_memoria_de_dados.v(13) File: /home/andre/Documentos/Laboratorio_de_Compiladores/Compilador_C_Minus/Processador_ARM/Processador_Quase_gcd_restored/logica_memoria_de_dados.v Line: 13
Info (10041): Inferred latch for "saida2[11]" at logica_memoria_de_dados.v(13) File: /home/andre/Documentos/Laboratorio_de_Compiladores/Compilador_C_Minus/Processador_ARM/Processador_Quase_gcd_restored/logica_memoria_de_dados.v Line: 13
Info (10041): Inferred latch for "saida2[12]" at logica_memoria_de_dados.v(13) File: /home/andre/Documentos/Laboratorio_de_Compiladores/Compilador_C_Minus/Processador_ARM/Processador_Quase_gcd_restored/logica_memoria_de_dados.v Line: 13
Info (10041): Inferred latch for "saida2[13]" at logica_memoria_de_dados.v(13) File: /home/andre/Documentos/Laboratorio_de_Compiladores/Compilador_C_Minus/Processador_ARM/Processador_Quase_gcd_restored/logica_memoria_de_dados.v Line: 13
Info (10041): Inferred latch for "saida2[14]" at logica_memoria_de_dados.v(13) File: /home/andre/Documentos/Laboratorio_de_Compiladores/Compilador_C_Minus/Processador_ARM/Processador_Quase_gcd_restored/logica_memoria_de_dados.v Line: 13
Info (10041): Inferred latch for "saida2[15]" at logica_memoria_de_dados.v(13) File: /home/andre/Documentos/Laboratorio_de_Compiladores/Compilador_C_Minus/Processador_ARM/Processador_Quase_gcd_restored/logica_memoria_de_dados.v Line: 13
Info (10041): Inferred latch for "saida2[16]" at logica_memoria_de_dados.v(13) File: /home/andre/Documentos/Laboratorio_de_Compiladores/Compilador_C_Minus/Processador_ARM/Processador_Quase_gcd_restored/logica_memoria_de_dados.v Line: 13
Info (10041): Inferred latch for "saida2[17]" at logica_memoria_de_dados.v(13) File: /home/andre/Documentos/Laboratorio_de_Compiladores/Compilador_C_Minus/Processador_ARM/Processador_Quase_gcd_restored/logica_memoria_de_dados.v Line: 13
Info (10041): Inferred latch for "saida2[18]" at logica_memoria_de_dados.v(13) File: /home/andre/Documentos/Laboratorio_de_Compiladores/Compilador_C_Minus/Processador_ARM/Processador_Quase_gcd_restored/logica_memoria_de_dados.v Line: 13
Info (10041): Inferred latch for "saida2[19]" at logica_memoria_de_dados.v(13) File: /home/andre/Documentos/Laboratorio_de_Compiladores/Compilador_C_Minus/Processador_ARM/Processador_Quase_gcd_restored/logica_memoria_de_dados.v Line: 13
Info (10041): Inferred latch for "saida2[20]" at logica_memoria_de_dados.v(13) File: /home/andre/Documentos/Laboratorio_de_Compiladores/Compilador_C_Minus/Processador_ARM/Processador_Quase_gcd_restored/logica_memoria_de_dados.v Line: 13
Info (10041): Inferred latch for "saida2[21]" at logica_memoria_de_dados.v(13) File: /home/andre/Documentos/Laboratorio_de_Compiladores/Compilador_C_Minus/Processador_ARM/Processador_Quase_gcd_restored/logica_memoria_de_dados.v Line: 13
Info (10041): Inferred latch for "saida2[22]" at logica_memoria_de_dados.v(13) File: /home/andre/Documentos/Laboratorio_de_Compiladores/Compilador_C_Minus/Processador_ARM/Processador_Quase_gcd_restored/logica_memoria_de_dados.v Line: 13
Info (10041): Inferred latch for "saida2[23]" at logica_memoria_de_dados.v(13) File: /home/andre/Documentos/Laboratorio_de_Compiladores/Compilador_C_Minus/Processador_ARM/Processador_Quase_gcd_restored/logica_memoria_de_dados.v Line: 13
Info (10041): Inferred latch for "saida2[24]" at logica_memoria_de_dados.v(13) File: /home/andre/Documentos/Laboratorio_de_Compiladores/Compilador_C_Minus/Processador_ARM/Processador_Quase_gcd_restored/logica_memoria_de_dados.v Line: 13
Info (10041): Inferred latch for "saida2[25]" at logica_memoria_de_dados.v(13) File: /home/andre/Documentos/Laboratorio_de_Compiladores/Compilador_C_Minus/Processador_ARM/Processador_Quase_gcd_restored/logica_memoria_de_dados.v Line: 13
Info (10041): Inferred latch for "saida2[26]" at logica_memoria_de_dados.v(13) File: /home/andre/Documentos/Laboratorio_de_Compiladores/Compilador_C_Minus/Processador_ARM/Processador_Quase_gcd_restored/logica_memoria_de_dados.v Line: 13
Info (10041): Inferred latch for "saida2[27]" at logica_memoria_de_dados.v(13) File: /home/andre/Documentos/Laboratorio_de_Compiladores/Compilador_C_Minus/Processador_ARM/Processador_Quase_gcd_restored/logica_memoria_de_dados.v Line: 13
Info (10041): Inferred latch for "saida2[28]" at logica_memoria_de_dados.v(13) File: /home/andre/Documentos/Laboratorio_de_Compiladores/Compilador_C_Minus/Processador_ARM/Processador_Quase_gcd_restored/logica_memoria_de_dados.v Line: 13
Info (10041): Inferred latch for "saida2[29]" at logica_memoria_de_dados.v(13) File: /home/andre/Documentos/Laboratorio_de_Compiladores/Compilador_C_Minus/Processador_ARM/Processador_Quase_gcd_restored/logica_memoria_de_dados.v Line: 13
Info (10041): Inferred latch for "saida2[30]" at logica_memoria_de_dados.v(13) File: /home/andre/Documentos/Laboratorio_de_Compiladores/Compilador_C_Minus/Processador_ARM/Processador_Quase_gcd_restored/logica_memoria_de_dados.v Line: 13
Info (10041): Inferred latch for "saida2[31]" at logica_memoria_de_dados.v(13) File: /home/andre/Documentos/Laboratorio_de_Compiladores/Compilador_C_Minus/Processador_ARM/Processador_Quase_gcd_restored/logica_memoria_de_dados.v Line: 13
Info (10041): Inferred latch for "saida1[0]" at logica_memoria_de_dados.v(9) File: /home/andre/Documentos/Laboratorio_de_Compiladores/Compilador_C_Minus/Processador_ARM/Processador_Quase_gcd_restored/logica_memoria_de_dados.v Line: 9
Info (10041): Inferred latch for "saida1[1]" at logica_memoria_de_dados.v(9) File: /home/andre/Documentos/Laboratorio_de_Compiladores/Compilador_C_Minus/Processador_ARM/Processador_Quase_gcd_restored/logica_memoria_de_dados.v Line: 9
Info (10041): Inferred latch for "saida1[2]" at logica_memoria_de_dados.v(9) File: /home/andre/Documentos/Laboratorio_de_Compiladores/Compilador_C_Minus/Processador_ARM/Processador_Quase_gcd_restored/logica_memoria_de_dados.v Line: 9
Info (10041): Inferred latch for "saida1[3]" at logica_memoria_de_dados.v(9) File: /home/andre/Documentos/Laboratorio_de_Compiladores/Compilador_C_Minus/Processador_ARM/Processador_Quase_gcd_restored/logica_memoria_de_dados.v Line: 9
Info (10041): Inferred latch for "saida1[4]" at logica_memoria_de_dados.v(9) File: /home/andre/Documentos/Laboratorio_de_Compiladores/Compilador_C_Minus/Processador_ARM/Processador_Quase_gcd_restored/logica_memoria_de_dados.v Line: 9
Info (10041): Inferred latch for "saida1[5]" at logica_memoria_de_dados.v(9) File: /home/andre/Documentos/Laboratorio_de_Compiladores/Compilador_C_Minus/Processador_ARM/Processador_Quase_gcd_restored/logica_memoria_de_dados.v Line: 9
Info (10041): Inferred latch for "saida1[6]" at logica_memoria_de_dados.v(9) File: /home/andre/Documentos/Laboratorio_de_Compiladores/Compilador_C_Minus/Processador_ARM/Processador_Quase_gcd_restored/logica_memoria_de_dados.v Line: 9
Info (10041): Inferred latch for "saida1[7]" at logica_memoria_de_dados.v(9) File: /home/andre/Documentos/Laboratorio_de_Compiladores/Compilador_C_Minus/Processador_ARM/Processador_Quase_gcd_restored/logica_memoria_de_dados.v Line: 9
Info (10041): Inferred latch for "saida1[8]" at logica_memoria_de_dados.v(9) File: /home/andre/Documentos/Laboratorio_de_Compiladores/Compilador_C_Minus/Processador_ARM/Processador_Quase_gcd_restored/logica_memoria_de_dados.v Line: 9
Info (10041): Inferred latch for "saida1[9]" at logica_memoria_de_dados.v(9) File: /home/andre/Documentos/Laboratorio_de_Compiladores/Compilador_C_Minus/Processador_ARM/Processador_Quase_gcd_restored/logica_memoria_de_dados.v Line: 9
Info (10041): Inferred latch for "saida1[10]" at logica_memoria_de_dados.v(9) File: /home/andre/Documentos/Laboratorio_de_Compiladores/Compilador_C_Minus/Processador_ARM/Processador_Quase_gcd_restored/logica_memoria_de_dados.v Line: 9
Info (10041): Inferred latch for "saida1[11]" at logica_memoria_de_dados.v(9) File: /home/andre/Documentos/Laboratorio_de_Compiladores/Compilador_C_Minus/Processador_ARM/Processador_Quase_gcd_restored/logica_memoria_de_dados.v Line: 9
Info (10041): Inferred latch for "saida1[12]" at logica_memoria_de_dados.v(9) File: /home/andre/Documentos/Laboratorio_de_Compiladores/Compilador_C_Minus/Processador_ARM/Processador_Quase_gcd_restored/logica_memoria_de_dados.v Line: 9
Info (10041): Inferred latch for "saida1[13]" at logica_memoria_de_dados.v(9) File: /home/andre/Documentos/Laboratorio_de_Compiladores/Compilador_C_Minus/Processador_ARM/Processador_Quase_gcd_restored/logica_memoria_de_dados.v Line: 9
Info (10041): Inferred latch for "saida1[14]" at logica_memoria_de_dados.v(9) File: /home/andre/Documentos/Laboratorio_de_Compiladores/Compilador_C_Minus/Processador_ARM/Processador_Quase_gcd_restored/logica_memoria_de_dados.v Line: 9
Info (10041): Inferred latch for "saida1[15]" at logica_memoria_de_dados.v(9) File: /home/andre/Documentos/Laboratorio_de_Compiladores/Compilador_C_Minus/Processador_ARM/Processador_Quase_gcd_restored/logica_memoria_de_dados.v Line: 9
Info (10041): Inferred latch for "saida1[16]" at logica_memoria_de_dados.v(9) File: /home/andre/Documentos/Laboratorio_de_Compiladores/Compilador_C_Minus/Processador_ARM/Processador_Quase_gcd_restored/logica_memoria_de_dados.v Line: 9
Info (10041): Inferred latch for "saida1[17]" at logica_memoria_de_dados.v(9) File: /home/andre/Documentos/Laboratorio_de_Compiladores/Compilador_C_Minus/Processador_ARM/Processador_Quase_gcd_restored/logica_memoria_de_dados.v Line: 9
Info (10041): Inferred latch for "saida1[18]" at logica_memoria_de_dados.v(9) File: /home/andre/Documentos/Laboratorio_de_Compiladores/Compilador_C_Minus/Processador_ARM/Processador_Quase_gcd_restored/logica_memoria_de_dados.v Line: 9
Info (10041): Inferred latch for "saida1[19]" at logica_memoria_de_dados.v(9) File: /home/andre/Documentos/Laboratorio_de_Compiladores/Compilador_C_Minus/Processador_ARM/Processador_Quase_gcd_restored/logica_memoria_de_dados.v Line: 9
Info (10041): Inferred latch for "saida1[20]" at logica_memoria_de_dados.v(9) File: /home/andre/Documentos/Laboratorio_de_Compiladores/Compilador_C_Minus/Processador_ARM/Processador_Quase_gcd_restored/logica_memoria_de_dados.v Line: 9
Info (10041): Inferred latch for "saida1[21]" at logica_memoria_de_dados.v(9) File: /home/andre/Documentos/Laboratorio_de_Compiladores/Compilador_C_Minus/Processador_ARM/Processador_Quase_gcd_restored/logica_memoria_de_dados.v Line: 9
Info (10041): Inferred latch for "saida1[22]" at logica_memoria_de_dados.v(9) File: /home/andre/Documentos/Laboratorio_de_Compiladores/Compilador_C_Minus/Processador_ARM/Processador_Quase_gcd_restored/logica_memoria_de_dados.v Line: 9
Info (10041): Inferred latch for "saida1[23]" at logica_memoria_de_dados.v(9) File: /home/andre/Documentos/Laboratorio_de_Compiladores/Compilador_C_Minus/Processador_ARM/Processador_Quase_gcd_restored/logica_memoria_de_dados.v Line: 9
Info (10041): Inferred latch for "saida1[24]" at logica_memoria_de_dados.v(9) File: /home/andre/Documentos/Laboratorio_de_Compiladores/Compilador_C_Minus/Processador_ARM/Processador_Quase_gcd_restored/logica_memoria_de_dados.v Line: 9
Info (10041): Inferred latch for "saida1[25]" at logica_memoria_de_dados.v(9) File: /home/andre/Documentos/Laboratorio_de_Compiladores/Compilador_C_Minus/Processador_ARM/Processador_Quase_gcd_restored/logica_memoria_de_dados.v Line: 9
Info (10041): Inferred latch for "saida1[26]" at logica_memoria_de_dados.v(9) File: /home/andre/Documentos/Laboratorio_de_Compiladores/Compilador_C_Minus/Processador_ARM/Processador_Quase_gcd_restored/logica_memoria_de_dados.v Line: 9
Info (10041): Inferred latch for "saida1[27]" at logica_memoria_de_dados.v(9) File: /home/andre/Documentos/Laboratorio_de_Compiladores/Compilador_C_Minus/Processador_ARM/Processador_Quase_gcd_restored/logica_memoria_de_dados.v Line: 9
Info (10041): Inferred latch for "saida1[28]" at logica_memoria_de_dados.v(9) File: /home/andre/Documentos/Laboratorio_de_Compiladores/Compilador_C_Minus/Processador_ARM/Processador_Quase_gcd_restored/logica_memoria_de_dados.v Line: 9
Info (10041): Inferred latch for "saida1[29]" at logica_memoria_de_dados.v(9) File: /home/andre/Documentos/Laboratorio_de_Compiladores/Compilador_C_Minus/Processador_ARM/Processador_Quase_gcd_restored/logica_memoria_de_dados.v Line: 9
Info (10041): Inferred latch for "saida1[30]" at logica_memoria_de_dados.v(9) File: /home/andre/Documentos/Laboratorio_de_Compiladores/Compilador_C_Minus/Processador_ARM/Processador_Quase_gcd_restored/logica_memoria_de_dados.v Line: 9
Info (10041): Inferred latch for "saida1[31]" at logica_memoria_de_dados.v(9) File: /home/andre/Documentos/Laboratorio_de_Compiladores/Compilador_C_Minus/Processador_ARM/Processador_Quase_gcd_restored/logica_memoria_de_dados.v Line: 9
Info (12128): Elaborating entity "multiplexador3" for hierarchy "multiplexador3:I1" File: /home/andre/Documentos/Laboratorio_de_Compiladores/Compilador_C_Minus/Processador_ARM/Processador_Quase_gcd_restored/Processador.v Line: 93
Info (12128): Elaborating entity "PC" for hierarchy "PC:J1" File: /home/andre/Documentos/Laboratorio_de_Compiladores/Compilador_C_Minus/Processador_ARM/Processador_Quase_gcd_restored/Processador.v Line: 94
Info (12128): Elaborating entity "ula_pc" for hierarchy "ula_pc:K1" File: /home/andre/Documentos/Laboratorio_de_Compiladores/Compilador_C_Minus/Processador_ARM/Processador_Quase_gcd_restored/Processador.v Line: 96
Warning (10230): Verilog HDL assignment warning at ula_pc.v(25): truncated value with size 32 to match size of target (2) File: /home/andre/Documentos/Laboratorio_de_Compiladores/Compilador_C_Minus/Processador_ARM/Processador_Quase_gcd_restored/ula_pc.v Line: 25
Info (12128): Elaborating entity "multiplexador_pc" for hierarchy "multiplexador_pc:L1" File: /home/andre/Documentos/Laboratorio_de_Compiladores/Compilador_C_Minus/Processador_ARM/Processador_Quase_gcd_restored/Processador.v Line: 98
Info (12128): Elaborating entity "out" for hierarchy "out:M1" File: /home/andre/Documentos/Laboratorio_de_Compiladores/Compilador_C_Minus/Processador_ARM/Processador_Quase_gcd_restored/Processador.v Line: 99
Warning (10230): Verilog HDL assignment warning at out.v(19): truncated value with size 32 to match size of target (4) File: /home/andre/Documentos/Laboratorio_de_Compiladores/Compilador_C_Minus/Processador_ARM/Processador_Quase_gcd_restored/out.v Line: 19
Warning (10230): Verilog HDL assignment warning at out.v(20): truncated value with size 32 to match size of target (4) File: /home/andre/Documentos/Laboratorio_de_Compiladores/Compilador_C_Minus/Processador_ARM/Processador_Quase_gcd_restored/out.v Line: 20
Warning (10230): Verilog HDL assignment warning at out.v(21): truncated value with size 32 to match size of target (4) File: /home/andre/Documentos/Laboratorio_de_Compiladores/Compilador_C_Minus/Processador_ARM/Processador_Quase_gcd_restored/out.v Line: 21
Warning (10230): Verilog HDL assignment warning at out.v(22): truncated value with size 32 to match size of target (4) File: /home/andre/Documentos/Laboratorio_de_Compiladores/Compilador_C_Minus/Processador_ARM/Processador_Quase_gcd_restored/out.v Line: 22
Warning (10230): Verilog HDL assignment warning at out.v(23): truncated value with size 32 to match size of target (4) File: /home/andre/Documentos/Laboratorio_de_Compiladores/Compilador_C_Minus/Processador_ARM/Processador_Quase_gcd_restored/out.v Line: 23
Warning (10230): Verilog HDL assignment warning at out.v(24): truncated value with size 32 to match size of target (4) File: /home/andre/Documentos/Laboratorio_de_Compiladores/Compilador_C_Minus/Processador_ARM/Processador_Quase_gcd_restored/out.v Line: 24
Warning (10230): Verilog HDL assignment warning at out.v(25): truncated value with size 32 to match size of target (4) File: /home/andre/Documentos/Laboratorio_de_Compiladores/Compilador_C_Minus/Processador_ARM/Processador_Quase_gcd_restored/out.v Line: 25
Warning (10230): Verilog HDL assignment warning at out.v(26): truncated value with size 32 to match size of target (4) File: /home/andre/Documentos/Laboratorio_de_Compiladores/Compilador_C_Minus/Processador_ARM/Processador_Quase_gcd_restored/out.v Line: 26
Info (12128): Elaborating entity "mult_in" for hierarchy "mult_in:N1" File: /home/andre/Documentos/Laboratorio_de_Compiladores/Compilador_C_Minus/Processador_ARM/Processador_Quase_gcd_restored/Processador.v Line: 100
Info (12128): Elaborating entity "debounce" for hierarchy "debounce:BTN1" File: /home/andre/Documentos/Laboratorio_de_Compiladores/Compilador_C_Minus/Processador_ARM/Processador_Quase_gcd_restored/Processador.v Line: 102
Info (12128): Elaborating entity "bcd" for hierarchy "bcd:chamada0" File: /home/andre/Documentos/Laboratorio_de_Compiladores/Compilador_C_Minus/Processador_ARM/Processador_Quase_gcd_restored/Processador.v Line: 104
Warning (12011): Net is missing source, defaulting to GND
    Warning (12110): Net "saida_mult3[31]" is missing source, defaulting to GND File: /home/andre/Documentos/Laboratorio_de_Compiladores/Compilador_C_Minus/Processador_ARM/Processador_Quase_gcd_restored/Processador.v Line: 27
    Warning (12110): Net "saida_mult3[30]" is missing source, defaulting to GND File: /home/andre/Documentos/Laboratorio_de_Compiladores/Compilador_C_Minus/Processador_ARM/Processador_Quase_gcd_restored/Processador.v Line: 27
    Warning (12110): Net "saida_mult3[29]" is missing source, defaulting to GND File: /home/andre/Documentos/Laboratorio_de_Compiladores/Compilador_C_Minus/Processador_ARM/Processador_Quase_gcd_restored/Processador.v Line: 27
    Warning (12110): Net "saida_mult3[28]" is missing source, defaulting to GND File: /home/andre/Documentos/Laboratorio_de_Compiladores/Compilador_C_Minus/Processador_ARM/Processador_Quase_gcd_restored/Processador.v Line: 27
    Warning (12110): Net "saida_mult3[27]" is missing source, defaulting to GND File: /home/andre/Documentos/Laboratorio_de_Compiladores/Compilador_C_Minus/Processador_ARM/Processador_Quase_gcd_restored/Processador.v Line: 27
    Warning (12110): Net "saida_mult3[26]" is missing source, defaulting to GND File: /home/andre/Documentos/Laboratorio_de_Compiladores/Compilador_C_Minus/Processador_ARM/Processador_Quase_gcd_restored/Processador.v Line: 27
    Warning (12110): Net "saida_mult3[25]" is missing source, defaulting to GND File: /home/andre/Documentos/Laboratorio_de_Compiladores/Compilador_C_Minus/Processador_ARM/Processador_Quase_gcd_restored/Processador.v Line: 27
    Warning (12110): Net "saida_mult3[24]" is missing source, defaulting to GND File: /home/andre/Documentos/Laboratorio_de_Compiladores/Compilador_C_Minus/Processador_ARM/Processador_Quase_gcd_restored/Processador.v Line: 27
    Warning (12110): Net "saida_mult3[23]" is missing source, defaulting to GND File: /home/andre/Documentos/Laboratorio_de_Compiladores/Compilador_C_Minus/Processador_ARM/Processador_Quase_gcd_restored/Processador.v Line: 27
    Warning (12110): Net "saida_mult3[22]" is missing source, defaulting to GND File: /home/andre/Documentos/Laboratorio_de_Compiladores/Compilador_C_Minus/Processador_ARM/Processador_Quase_gcd_restored/Processador.v Line: 27
    Warning (12110): Net "saida_mult3[21]" is missing source, defaulting to GND File: /home/andre/Documentos/Laboratorio_de_Compiladores/Compilador_C_Minus/Processador_ARM/Processador_Quase_gcd_restored/Processador.v Line: 27
    Warning (12110): Net "saida_mult3[20]" is missing source, defaulting to GND File: /home/andre/Documentos/Laboratorio_de_Compiladores/Compilador_C_Minus/Processador_ARM/Processador_Quase_gcd_restored/Processador.v Line: 27
    Warning (12110): Net "saida_mult3[19]" is missing source, defaulting to GND File: /home/andre/Documentos/Laboratorio_de_Compiladores/Compilador_C_Minus/Processador_ARM/Processador_Quase_gcd_restored/Processador.v Line: 27
    Warning (12110): Net "saida_mult3[18]" is missing source, defaulting to GND File: /home/andre/Documentos/Laboratorio_de_Compiladores/Compilador_C_Minus/Processador_ARM/Processador_Quase_gcd_restored/Processador.v Line: 27
    Warning (12110): Net "saida_mult3[17]" is missing source, defaulting to GND File: /home/andre/Documentos/Laboratorio_de_Compiladores/Compilador_C_Minus/Processador_ARM/Processador_Quase_gcd_restored/Processador.v Line: 27
    Warning (12110): Net "saida_mult3[16]" is missing source, defaulting to GND File: /home/andre/Documentos/Laboratorio_de_Compiladores/Compilador_C_Minus/Processador_ARM/Processador_Quase_gcd_restored/Processador.v Line: 27
    Warning (12110): Net "saida_mult3[15]" is missing source, defaulting to GND File: /home/andre/Documentos/Laboratorio_de_Compiladores/Compilador_C_Minus/Processador_ARM/Processador_Quase_gcd_restored/Processador.v Line: 27
    Warning (12110): Net "saida_mult3[14]" is missing source, defaulting to GND File: /home/andre/Documentos/Laboratorio_de_Compiladores/Compilador_C_Minus/Processador_ARM/Processador_Quase_gcd_restored/Processador.v Line: 27
    Warning (12110): Net "saida_mult3[13]" is missing source, defaulting to GND File: /home/andre/Documentos/Laboratorio_de_Compiladores/Compilador_C_Minus/Processador_ARM/Processador_Quase_gcd_restored/Processador.v Line: 27
    Warning (12110): Net "saida_mult3[12]" is missing source, defaulting to GND File: /home/andre/Documentos/Laboratorio_de_Compiladores/Compilador_C_Minus/Processador_ARM/Processador_Quase_gcd_restored/Processador.v Line: 27
    Warning (12110): Net "saida_mult3[11]" is missing source, defaulting to GND File: /home/andre/Documentos/Laboratorio_de_Compiladores/Compilador_C_Minus/Processador_ARM/Processador_Quase_gcd_restored/Processador.v Line: 27
    Warning (12110): Net "saida_mult3[10]" is missing source, defaulting to GND File: /home/andre/Documentos/Laboratorio_de_Compiladores/Compilador_C_Minus/Processador_ARM/Processador_Quase_gcd_restored/Processador.v Line: 27
    Warning (12110): Net "saida_mult3[9]" is missing source, defaulting to GND File: /home/andre/Documentos/Laboratorio_de_Compiladores/Compilador_C_Minus/Processador_ARM/Processador_Quase_gcd_restored/Processador.v Line: 27
    Warning (12110): Net "saida_mult3[8]" is missing source, defaulting to GND File: /home/andre/Documentos/Laboratorio_de_Compiladores/Compilador_C_Minus/Processador_ARM/Processador_Quase_gcd_restored/Processador.v Line: 27
    Warning (12110): Net "saida_mult3[7]" is missing source, defaulting to GND File: /home/andre/Documentos/Laboratorio_de_Compiladores/Compilador_C_Minus/Processador_ARM/Processador_Quase_gcd_restored/Processador.v Line: 27
    Warning (12110): Net "saida_mult3[6]" is missing source, defaulting to GND File: /home/andre/Documentos/Laboratorio_de_Compiladores/Compilador_C_Minus/Processador_ARM/Processador_Quase_gcd_restored/Processador.v Line: 27
    Warning (12110): Net "saida_mult3[5]" is missing source, defaulting to GND File: /home/andre/Documentos/Laboratorio_de_Compiladores/Compilador_C_Minus/Processador_ARM/Processador_Quase_gcd_restored/Processador.v Line: 27
Warning (12011): Net is missing source, defaulting to GND
    Warning (12110): Net "saida_mult3[31]" is missing source, defaulting to GND File: /home/andre/Documentos/Laboratorio_de_Compiladores/Compilador_C_Minus/Processador_ARM/Processador_Quase_gcd_restored/Processador.v Line: 27
    Warning (12110): Net "saida_mult3[30]" is missing source, defaulting to GND File: /home/andre/Documentos/Laboratorio_de_Compiladores/Compilador_C_Minus/Processador_ARM/Processador_Quase_gcd_restored/Processador.v Line: 27
    Warning (12110): Net "saida_mult3[29]" is missing source, defaulting to GND File: /home/andre/Documentos/Laboratorio_de_Compiladores/Compilador_C_Minus/Processador_ARM/Processador_Quase_gcd_restored/Processador.v Line: 27
    Warning (12110): Net "saida_mult3[28]" is missing source, defaulting to GND File: /home/andre/Documentos/Laboratorio_de_Compiladores/Compilador_C_Minus/Processador_ARM/Processador_Quase_gcd_restored/Processador.v Line: 27
    Warning (12110): Net "saida_mult3[27]" is missing source, defaulting to GND File: /home/andre/Documentos/Laboratorio_de_Compiladores/Compilador_C_Minus/Processador_ARM/Processador_Quase_gcd_restored/Processador.v Line: 27
    Warning (12110): Net "saida_mult3[26]" is missing source, defaulting to GND File: /home/andre/Documentos/Laboratorio_de_Compiladores/Compilador_C_Minus/Processador_ARM/Processador_Quase_gcd_restored/Processador.v Line: 27
    Warning (12110): Net "saida_mult3[25]" is missing source, defaulting to GND File: /home/andre/Documentos/Laboratorio_de_Compiladores/Compilador_C_Minus/Processador_ARM/Processador_Quase_gcd_restored/Processador.v Line: 27
    Warning (12110): Net "saida_mult3[24]" is missing source, defaulting to GND File: /home/andre/Documentos/Laboratorio_de_Compiladores/Compilador_C_Minus/Processador_ARM/Processador_Quase_gcd_restored/Processador.v Line: 27
    Warning (12110): Net "saida_mult3[23]" is missing source, defaulting to GND File: /home/andre/Documentos/Laboratorio_de_Compiladores/Compilador_C_Minus/Processador_ARM/Processador_Quase_gcd_restored/Processador.v Line: 27
    Warning (12110): Net "saida_mult3[22]" is missing source, defaulting to GND File: /home/andre/Documentos/Laboratorio_de_Compiladores/Compilador_C_Minus/Processador_ARM/Processador_Quase_gcd_restored/Processador.v Line: 27
    Warning (12110): Net "saida_mult3[21]" is missing source, defaulting to GND File: /home/andre/Documentos/Laboratorio_de_Compiladores/Compilador_C_Minus/Processador_ARM/Processador_Quase_gcd_restored/Processador.v Line: 27
    Warning (12110): Net "saida_mult3[20]" is missing source, defaulting to GND File: /home/andre/Documentos/Laboratorio_de_Compiladores/Compilador_C_Minus/Processador_ARM/Processador_Quase_gcd_restored/Processador.v Line: 27
    Warning (12110): Net "saida_mult3[19]" is missing source, defaulting to GND File: /home/andre/Documentos/Laboratorio_de_Compiladores/Compilador_C_Minus/Processador_ARM/Processador_Quase_gcd_restored/Processador.v Line: 27
    Warning (12110): Net "saida_mult3[18]" is missing source, defaulting to GND File: /home/andre/Documentos/Laboratorio_de_Compiladores/Compilador_C_Minus/Processador_ARM/Processador_Quase_gcd_restored/Processador.v Line: 27
    Warning (12110): Net "saida_mult3[17]" is missing source, defaulting to GND File: /home/andre/Documentos/Laboratorio_de_Compiladores/Compilador_C_Minus/Processador_ARM/Processador_Quase_gcd_restored/Processador.v Line: 27
    Warning (12110): Net "saida_mult3[16]" is missing source, defaulting to GND File: /home/andre/Documentos/Laboratorio_de_Compiladores/Compilador_C_Minus/Processador_ARM/Processador_Quase_gcd_restored/Processador.v Line: 27
    Warning (12110): Net "saida_mult3[15]" is missing source, defaulting to GND File: /home/andre/Documentos/Laboratorio_de_Compiladores/Compilador_C_Minus/Processador_ARM/Processador_Quase_gcd_restored/Processador.v Line: 27
    Warning (12110): Net "saida_mult3[14]" is missing source, defaulting to GND File: /home/andre/Documentos/Laboratorio_de_Compiladores/Compilador_C_Minus/Processador_ARM/Processador_Quase_gcd_restored/Processador.v Line: 27
    Warning (12110): Net "saida_mult3[13]" is missing source, defaulting to GND File: /home/andre/Documentos/Laboratorio_de_Compiladores/Compilador_C_Minus/Processador_ARM/Processador_Quase_gcd_restored/Processador.v Line: 27
    Warning (12110): Net "saida_mult3[12]" is missing source, defaulting to GND File: /home/andre/Documentos/Laboratorio_de_Compiladores/Compilador_C_Minus/Processador_ARM/Processador_Quase_gcd_restored/Processador.v Line: 27
    Warning (12110): Net "saida_mult3[11]" is missing source, defaulting to GND File: /home/andre/Documentos/Laboratorio_de_Compiladores/Compilador_C_Minus/Processador_ARM/Processador_Quase_gcd_restored/Processador.v Line: 27
    Warning (12110): Net "saida_mult3[10]" is missing source, defaulting to GND File: /home/andre/Documentos/Laboratorio_de_Compiladores/Compilador_C_Minus/Processador_ARM/Processador_Quase_gcd_restored/Processador.v Line: 27
    Warning (12110): Net "saida_mult3[9]" is missing source, defaulting to GND File: /home/andre/Documentos/Laboratorio_de_Compiladores/Compilador_C_Minus/Processador_ARM/Processador_Quase_gcd_restored/Processador.v Line: 27
    Warning (12110): Net "saida_mult3[8]" is missing source, defaulting to GND File: /home/andre/Documentos/Laboratorio_de_Compiladores/Compilador_C_Minus/Processador_ARM/Processador_Quase_gcd_restored/Processador.v Line: 27
    Warning (12110): Net "saida_mult3[7]" is missing source, defaulting to GND File: /home/andre/Documentos/Laboratorio_de_Compiladores/Compilador_C_Minus/Processador_ARM/Processador_Quase_gcd_restored/Processador.v Line: 27
    Warning (12110): Net "saida_mult3[6]" is missing source, defaulting to GND File: /home/andre/Documentos/Laboratorio_de_Compiladores/Compilador_C_Minus/Processador_ARM/Processador_Quase_gcd_restored/Processador.v Line: 27
    Warning (12110): Net "saida_mult3[5]" is missing source, defaulting to GND File: /home/andre/Documentos/Laboratorio_de_Compiladores/Compilador_C_Minus/Processador_ARM/Processador_Quase_gcd_restored/Processador.v Line: 27
Warning (276020): Inferred RAM node "banco_de_registradores:A1|memoria_rtl_0" from synchronous design logic.  Pass-through logic has been added to match the read-during-write behavior of the original design.
Warning (276020): Inferred RAM node "banco_de_registradores:A1|memoria_rtl_1" from synchronous design logic.  Pass-through logic has been added to match the read-during-write behavior of the original design.
Info (276014): Found 1 instances of uninferred RAM logic
    Info (276007): RAM logic "memoria_de_instrucoes:B1|rom" is uninferred due to asynchronous read logic File: /home/andre/Documentos/Laboratorio_de_Compiladores/Compilador_C_Minus/Processador_ARM/Processador_Quase_gcd_restored/memoria_de_instrucoes.v Line: 13
Warning (127007): Memory Initialization File or Hexadecimal (Intel-Format) File "/home/andre/Documentos/Laboratorio_de_Compiladores/Compilador_C_Minus/Processador_ARM/Processador_Quase_gcd_restored/db/Processador.ram0_memoria_de_instrucoes_51f8b9c1.hdl.mif" contains "don't care" values -- overwriting them with 0s
Info (19000): Inferred 3 megafunctions from design logic
    Info (276029): Inferred altsyncram megafunction from the following design logic: "banco_de_registradores:A1|memoria_rtl_0" 
        Info (286033): Parameter OPERATION_MODE set to DUAL_PORT
        Info (286033): Parameter WIDTH_A set to 31
        Info (286033): Parameter WIDTHAD_A set to 5
        Info (286033): Parameter NUMWORDS_A set to 32
        Info (286033): Parameter WIDTH_B set to 31
        Info (286033): Parameter WIDTHAD_B set to 5
        Info (286033): Parameter NUMWORDS_B set to 32
        Info (286033): Parameter ADDRESS_ACLR_A set to NONE
        Info (286033): Parameter OUTDATA_REG_B set to UNREGISTERED
        Info (286033): Parameter ADDRESS_ACLR_B set to NONE
        Info (286033): Parameter OUTDATA_ACLR_B set to NONE
        Info (286033): Parameter ADDRESS_REG_B set to CLOCK0
        Info (286033): Parameter INDATA_ACLR_A set to NONE
        Info (286033): Parameter WRCONTROL_ACLR_A set to NONE
        Info (286033): Parameter READ_DURING_WRITE_MODE_MIXED_PORTS set to OLD_DATA
    Info (276029): Inferred altsyncram megafunction from the following design logic: "banco_de_registradores:A1|memoria_rtl_1" 
        Info (286033): Parameter OPERATION_MODE set to DUAL_PORT
        Info (286033): Parameter WIDTH_A set to 31
        Info (286033): Parameter WIDTHAD_A set to 5
        Info (286033): Parameter NUMWORDS_A set to 32
        Info (286033): Parameter WIDTH_B set to 31
        Info (286033): Parameter WIDTHAD_B set to 5
        Info (286033): Parameter NUMWORDS_B set to 32
        Info (286033): Parameter ADDRESS_ACLR_A set to NONE
        Info (286033): Parameter OUTDATA_REG_B set to UNREGISTERED
        Info (286033): Parameter ADDRESS_ACLR_B set to NONE
        Info (286033): Parameter OUTDATA_ACLR_B set to NONE
        Info (286033): Parameter ADDRESS_REG_B set to CLOCK0
        Info (286033): Parameter INDATA_ACLR_A set to NONE
        Info (286033): Parameter WRCONTROL_ACLR_A set to NONE
        Info (286033): Parameter READ_DURING_WRITE_MODE_MIXED_PORTS set to OLD_DATA
    Info (276029): Inferred altsyncram megafunction from the following design logic: "memoria_de_dados:C1|ram_rtl_0" 
        Info (286033): Parameter OPERATION_MODE set to DUAL_PORT
        Info (286033): Parameter WIDTH_A set to 32
        Info (286033): Parameter WIDTHAD_A set to 10
        Info (286033): Parameter NUMWORDS_A set to 1024
        Info (286033): Parameter WIDTH_B set to 32
        Info (286033): Parameter WIDTHAD_B set to 10
        Info (286033): Parameter NUMWORDS_B set to 1024
        Info (286033): Parameter ADDRESS_ACLR_A set to NONE
        Info (286033): Parameter OUTDATA_REG_B set to UNREGISTERED
        Info (286033): Parameter ADDRESS_ACLR_B set to NONE
        Info (286033): Parameter OUTDATA_ACLR_B set to NONE
        Info (286033): Parameter ADDRESS_REG_B set to CLOCK0
        Info (286033): Parameter INDATA_ACLR_A set to NONE
        Info (286033): Parameter WRCONTROL_ACLR_A set to NONE
        Info (286033): Parameter READ_DURING_WRITE_MODE_MIXED_PORTS set to OLD_DATA
Info (278001): Inferred 9 megafunctions from design logic
    Info (278004): Inferred divider/modulo megafunction ("lpm_divide") from the following logic: "out:M1|Mod1" File: /home/andre/Documentos/Laboratorio_de_Compiladores/Compilador_C_Minus/Processador_ARM/Processador_Quase_gcd_restored/out.v Line: 20
    Info (278004): Inferred divider/modulo megafunction ("lpm_divide") from the following logic: "out:M1|Div0" File: /home/andre/Documentos/Laboratorio_de_Compiladores/Compilador_C_Minus/Processador_ARM/Processador_Quase_gcd_restored/out.v Line: 20
    Info (278004): Inferred divider/modulo megafunction ("lpm_divide") from the following logic: "out:M1|Mod0" File: /home/andre/Documentos/Laboratorio_de_Compiladores/Compilador_C_Minus/Processador_ARM/Processador_Quase_gcd_restored/out.v Line: 19
    Info (278004): Inferred divider/modulo megafunction ("lpm_divide") from the following logic: "out:M1|Mod2" File: /home/andre/Documentos/Laboratorio_de_Compiladores/Compilador_C_Minus/Processador_ARM/Processador_Quase_gcd_restored/out.v Line: 21
    Info (278004): Inferred divider/modulo megafunction ("lpm_divide") from the following logic: "out:M1|Div1" File: /home/andre/Documentos/Laboratorio_de_Compiladores/Compilador_C_Minus/Processador_ARM/Processador_Quase_gcd_restored/out.v Line: 21
    Info (278004): Inferred divider/modulo megafunction ("lpm_divide") from the following logic: "out:M1|Mod3" File: /home/andre/Documentos/Laboratorio_de_Compiladores/Compilador_C_Minus/Processador_ARM/Processador_Quase_gcd_restored/out.v Line: 22
    Info (278004): Inferred divider/modulo megafunction ("lpm_divide") from the following logic: "out:M1|Div2" File: /home/andre/Documentos/Laboratorio_de_Compiladores/Compilador_C_Minus/Processador_ARM/Processador_Quase_gcd_restored/out.v Line: 22
    Info (278003): Inferred multiplier megafunction ("lpm_mult") from the following logic: "Ula:T2|Mult0" File: /home/andre/Documentos/Laboratorio_de_Compiladores/Compilador_C_Minus/Processador_ARM/Processador_Quase_gcd_restored/Ula.v Line: 16
    Info (278004): Inferred divider/modulo megafunction ("lpm_divide") from the following logic: "Ula:T2|Div0" File: /home/andre/Documentos/Laboratorio_de_Compiladores/Compilador_C_Minus/Processador_ARM/Processador_Quase_gcd_restored/Ula.v Line: 17
Info (12130): Elaborated megafunction instantiation "banco_de_registradores:A1|altsyncram:memoria_rtl_0"
Info (12133): Instantiated megafunction "banco_de_registradores:A1|altsyncram:memoria_rtl_0" with the following parameter:
    Info (12134): Parameter "OPERATION_MODE" = "DUAL_PORT"
    Info (12134): Parameter "WIDTH_A" = "31"
    Info (12134): Parameter "WIDTHAD_A" = "5"
    Info (12134): Parameter "NUMWORDS_A" = "32"
    Info (12134): Parameter "WIDTH_B" = "31"
    Info (12134): Parameter "WIDTHAD_B" = "5"
    Info (12134): Parameter "NUMWORDS_B" = "32"
    Info (12134): Parameter "ADDRESS_ACLR_A" = "NONE"
    Info (12134): Parameter "OUTDATA_REG_B" = "UNREGISTERED"
    Info (12134): Parameter "ADDRESS_ACLR_B" = "NONE"
    Info (12134): Parameter "OUTDATA_ACLR_B" = "NONE"
    Info (12134): Parameter "ADDRESS_REG_B" = "CLOCK0"
    Info (12134): Parameter "INDATA_ACLR_A" = "NONE"
    Info (12134): Parameter "WRCONTROL_ACLR_A" = "NONE"
    Info (12134): Parameter "READ_DURING_WRITE_MODE_MIXED_PORTS" = "OLD_DATA"
Info (12021): Found 1 design units, including 1 entities, in source file db/altsyncram_csg1.tdf
    Info (12023): Found entity 1: altsyncram_csg1 File: /home/andre/Documentos/Laboratorio_de_Compiladores/Compilador_C_Minus/Processador_ARM/Processador_Quase_gcd_restored/db/altsyncram_csg1.tdf Line: 28
Info (12130): Elaborated megafunction instantiation "memoria_de_dados:C1|altsyncram:ram_rtl_0"
Info (12133): Instantiated megafunction "memoria_de_dados:C1|altsyncram:ram_rtl_0" with the following parameter:
    Info (12134): Parameter "OPERATION_MODE" = "DUAL_PORT"
    Info (12134): Parameter "WIDTH_A" = "32"
    Info (12134): Parameter "WIDTHAD_A" = "10"
    Info (12134): Parameter "NUMWORDS_A" = "1024"
    Info (12134): Parameter "WIDTH_B" = "32"
    Info (12134): Parameter "WIDTHAD_B" = "10"
    Info (12134): Parameter "NUMWORDS_B" = "1024"
    Info (12134): Parameter "ADDRESS_ACLR_A" = "NONE"
    Info (12134): Parameter "OUTDATA_REG_B" = "UNREGISTERED"
    Info (12134): Parameter "ADDRESS_ACLR_B" = "NONE"
    Info (12134): Parameter "OUTDATA_ACLR_B" = "NONE"
    Info (12134): Parameter "ADDRESS_REG_B" = "CLOCK0"
    Info (12134): Parameter "INDATA_ACLR_A" = "NONE"
    Info (12134): Parameter "WRCONTROL_ACLR_A" = "NONE"
    Info (12134): Parameter "READ_DURING_WRITE_MODE_MIXED_PORTS" = "OLD_DATA"
Info (12021): Found 1 design units, including 1 entities, in source file db/altsyncram_a5h1.tdf
    Info (12023): Found entity 1: altsyncram_a5h1 File: /home/andre/Documentos/Laboratorio_de_Compiladores/Compilador_C_Minus/Processador_ARM/Processador_Quase_gcd_restored/db/altsyncram_a5h1.tdf Line: 28
Info (12130): Elaborated megafunction instantiation "out:M1|lpm_divide:Mod1" File: /home/andre/Documentos/Laboratorio_de_Compiladores/Compilador_C_Minus/Processador_ARM/Processador_Quase_gcd_restored/out.v Line: 20
Info (12133): Instantiated megafunction "out:M1|lpm_divide:Mod1" with the following parameter: File: /home/andre/Documentos/Laboratorio_de_Compiladores/Compilador_C_Minus/Processador_ARM/Processador_Quase_gcd_restored/out.v Line: 20
    Info (12134): Parameter "LPM_WIDTHN" = "32"
    Info (12134): Parameter "LPM_WIDTHD" = "7"
    Info (12134): Parameter "LPM_NREPRESENTATION" = "UNSIGNED"
    Info (12134): Parameter "LPM_DREPRESENTATION" = "UNSIGNED"
Info (12021): Found 1 design units, including 1 entities, in source file db/lpm_divide_6bm.tdf
    Info (12023): Found entity 1: lpm_divide_6bm File: /home/andre/Documentos/Laboratorio_de_Compiladores/Compilador_C_Minus/Processador_ARM/Processador_Quase_gcd_restored/db/lpm_divide_6bm.tdf Line: 25
Info (12021): Found 1 design units, including 1 entities, in source file db/sign_div_unsign_rlh.tdf
    Info (12023): Found entity 1: sign_div_unsign_rlh File: /home/andre/Documentos/Laboratorio_de_Compiladores/Compilador_C_Minus/Processador_ARM/Processador_Quase_gcd_restored/db/sign_div_unsign_rlh.tdf Line: 25
Info (12021): Found 1 design units, including 1 entities, in source file db/alt_u_div_a7f.tdf
    Info (12023): Found entity 1: alt_u_div_a7f File: /home/andre/Documentos/Laboratorio_de_Compiladores/Compilador_C_Minus/Processador_ARM/Processador_Quase_gcd_restored/db/alt_u_div_a7f.tdf Line: 27
Info (12021): Found 1 design units, including 1 entities, in source file db/add_sub_7pc.tdf
    Info (12023): Found entity 1: add_sub_7pc File: /home/andre/Documentos/Laboratorio_de_Compiladores/Compilador_C_Minus/Processador_ARM/Processador_Quase_gcd_restored/db/add_sub_7pc.tdf Line: 23
Info (12021): Found 1 design units, including 1 entities, in source file db/add_sub_8pc.tdf
    Info (12023): Found entity 1: add_sub_8pc File: /home/andre/Documentos/Laboratorio_de_Compiladores/Compilador_C_Minus/Processador_ARM/Processador_Quase_gcd_restored/db/add_sub_8pc.tdf Line: 23
Info (12130): Elaborated megafunction instantiation "out:M1|lpm_divide:Div0" File: /home/andre/Documentos/Laboratorio_de_Compiladores/Compilador_C_Minus/Processador_ARM/Processador_Quase_gcd_restored/out.v Line: 20
Info (12133): Instantiated megafunction "out:M1|lpm_divide:Div0" with the following parameter: File: /home/andre/Documentos/Laboratorio_de_Compiladores/Compilador_C_Minus/Processador_ARM/Processador_Quase_gcd_restored/out.v Line: 20
    Info (12134): Parameter "LPM_WIDTHN" = "7"
    Info (12134): Parameter "LPM_WIDTHD" = "4"
    Info (12134): Parameter "LPM_NREPRESENTATION" = "UNSIGNED"
    Info (12134): Parameter "LPM_DREPRESENTATION" = "UNSIGNED"
Info (12021): Found 1 design units, including 1 entities, in source file db/lpm_divide_ihm.tdf
    Info (12023): Found entity 1: lpm_divide_ihm File: /home/andre/Documentos/Laboratorio_de_Compiladores/Compilador_C_Minus/Processador_ARM/Processador_Quase_gcd_restored/db/lpm_divide_ihm.tdf Line: 25
Info (12021): Found 1 design units, including 1 entities, in source file db/sign_div_unsign_akh.tdf
    Info (12023): Found entity 1: sign_div_unsign_akh File: /home/andre/Documentos/Laboratorio_de_Compiladores/Compilador_C_Minus/Processador_ARM/Processador_Quase_gcd_restored/db/sign_div_unsign_akh.tdf Line: 25
Info (12021): Found 1 design units, including 1 entities, in source file db/alt_u_div_84f.tdf
    Info (12023): Found entity 1: alt_u_div_84f File: /home/andre/Documentos/Laboratorio_de_Compiladores/Compilador_C_Minus/Processador_ARM/Processador_Quase_gcd_restored/db/alt_u_div_84f.tdf Line: 27
Info (12130): Elaborated megafunction instantiation "out:M1|lpm_divide:Mod0" File: /home/andre/Documentos/Laboratorio_de_Compiladores/Compilador_C_Minus/Processador_ARM/Processador_Quase_gcd_restored/out.v Line: 19
Info (12133): Instantiated megafunction "out:M1|lpm_divide:Mod0" with the following parameter: File: /home/andre/Documentos/Laboratorio_de_Compiladores/Compilador_C_Minus/Processador_ARM/Processador_Quase_gcd_restored/out.v Line: 19
    Info (12134): Parameter "LPM_WIDTHN" = "32"
    Info (12134): Parameter "LPM_WIDTHD" = "4"
    Info (12134): Parameter "LPM_NREPRESENTATION" = "UNSIGNED"
    Info (12134): Parameter "LPM_DREPRESENTATION" = "UNSIGNED"
Info (12021): Found 1 design units, including 1 entities, in source file db/lpm_divide_3bm.tdf
    Info (12023): Found entity 1: lpm_divide_3bm File: /home/andre/Documentos/Laboratorio_de_Compiladores/Compilador_C_Minus/Processador_ARM/Processador_Quase_gcd_restored/db/lpm_divide_3bm.tdf Line: 25
Info (12021): Found 1 design units, including 1 entities, in source file db/sign_div_unsign_olh.tdf
    Info (12023): Found entity 1: sign_div_unsign_olh File: /home/andre/Documentos/Laboratorio_de_Compiladores/Compilador_C_Minus/Processador_ARM/Processador_Quase_gcd_restored/db/sign_div_unsign_olh.tdf Line: 25
Info (12021): Found 1 design units, including 1 entities, in source file db/alt_u_div_47f.tdf
    Info (12023): Found entity 1: alt_u_div_47f File: /home/andre/Documentos/Laboratorio_de_Compiladores/Compilador_C_Minus/Processador_ARM/Processador_Quase_gcd_restored/db/alt_u_div_47f.tdf Line: 27
Info (12130): Elaborated megafunction instantiation "out:M1|lpm_divide:Mod2" File: /home/andre/Documentos/Laboratorio_de_Compiladores/Compilador_C_Minus/Processador_ARM/Processador_Quase_gcd_restored/out.v Line: 21
Info (12133): Instantiated megafunction "out:M1|lpm_divide:Mod2" with the following parameter: File: /home/andre/Documentos/Laboratorio_de_Compiladores/Compilador_C_Minus/Processador_ARM/Processador_Quase_gcd_restored/out.v Line: 21
    Info (12134): Parameter "LPM_WIDTHN" = "32"
    Info (12134): Parameter "LPM_WIDTHD" = "10"
    Info (12134): Parameter "LPM_NREPRESENTATION" = "UNSIGNED"
    Info (12134): Parameter "LPM_DREPRESENTATION" = "UNSIGNED"
Info (12021): Found 1 design units, including 1 entities, in source file db/lpm_divide_gcm.tdf
    Info (12023): Found entity 1: lpm_divide_gcm File: /home/andre/Documentos/Laboratorio_de_Compiladores/Compilador_C_Minus/Processador_ARM/Processador_Quase_gcd_restored/db/lpm_divide_gcm.tdf Line: 25
Info (12021): Found 1 design units, including 1 entities, in source file db/sign_div_unsign_5nh.tdf
    Info (12023): Found entity 1: sign_div_unsign_5nh File: /home/andre/Documentos/Laboratorio_de_Compiladores/Compilador_C_Minus/Processador_ARM/Processador_Quase_gcd_restored/db/sign_div_unsign_5nh.tdf Line: 25
Info (12021): Found 1 design units, including 1 entities, in source file db/alt_u_div_u9f.tdf
    Info (12023): Found entity 1: alt_u_div_u9f File: /home/andre/Documentos/Laboratorio_de_Compiladores/Compilador_C_Minus/Processador_ARM/Processador_Quase_gcd_restored/db/alt_u_div_u9f.tdf Line: 27
Info (12130): Elaborated megafunction instantiation "out:M1|lpm_divide:Div1" File: /home/andre/Documentos/Laboratorio_de_Compiladores/Compilador_C_Minus/Processador_ARM/Processador_Quase_gcd_restored/out.v Line: 21
Info (12133): Instantiated megafunction "out:M1|lpm_divide:Div1" with the following parameter: File: /home/andre/Documentos/Laboratorio_de_Compiladores/Compilador_C_Minus/Processador_ARM/Processador_Quase_gcd_restored/out.v Line: 21
    Info (12134): Parameter "LPM_WIDTHN" = "10"
    Info (12134): Parameter "LPM_WIDTHD" = "7"
    Info (12134): Parameter "LPM_NREPRESENTATION" = "UNSIGNED"
    Info (12134): Parameter "LPM_DREPRESENTATION" = "UNSIGNED"
Info (12021): Found 1 design units, including 1 entities, in source file db/lpm_divide_vim.tdf
    Info (12023): Found entity 1: lpm_divide_vim File: /home/andre/Documentos/Laboratorio_de_Compiladores/Compilador_C_Minus/Processador_ARM/Processador_Quase_gcd_restored/db/lpm_divide_vim.tdf Line: 25
Info (12021): Found 1 design units, including 1 entities, in source file db/sign_div_unsign_nlh.tdf
    Info (12023): Found entity 1: sign_div_unsign_nlh File: /home/andre/Documentos/Laboratorio_de_Compiladores/Compilador_C_Minus/Processador_ARM/Processador_Quase_gcd_restored/db/sign_div_unsign_nlh.tdf Line: 25
Info (12021): Found 1 design units, including 1 entities, in source file db/alt_u_div_27f.tdf
    Info (12023): Found entity 1: alt_u_div_27f File: /home/andre/Documentos/Laboratorio_de_Compiladores/Compilador_C_Minus/Processador_ARM/Processador_Quase_gcd_restored/db/alt_u_div_27f.tdf Line: 27
Info (12130): Elaborated megafunction instantiation "out:M1|lpm_divide:Mod3" File: /home/andre/Documentos/Laboratorio_de_Compiladores/Compilador_C_Minus/Processador_ARM/Processador_Quase_gcd_restored/out.v Line: 22
Info (12133): Instantiated megafunction "out:M1|lpm_divide:Mod3" with the following parameter: File: /home/andre/Documentos/Laboratorio_de_Compiladores/Compilador_C_Minus/Processador_ARM/Processador_Quase_gcd_restored/out.v Line: 22
    Info (12134): Parameter "LPM_WIDTHN" = "32"
    Info (12134): Parameter "LPM_WIDTHD" = "14"
    Info (12134): Parameter "LPM_NREPRESENTATION" = "UNSIGNED"
    Info (12134): Parameter "LPM_DREPRESENTATION" = "UNSIGNED"
Info (12021): Found 1 design units, including 1 entities, in source file db/lpm_divide_kcm.tdf
    Info (12023): Found entity 1: lpm_divide_kcm File: /home/andre/Documentos/Laboratorio_de_Compiladores/Compilador_C_Minus/Processador_ARM/Processador_Quase_gcd_restored/db/lpm_divide_kcm.tdf Line: 25
Info (12021): Found 1 design units, including 1 entities, in source file db/sign_div_unsign_9nh.tdf
    Info (12023): Found entity 1: sign_div_unsign_9nh File: /home/andre/Documentos/Laboratorio_de_Compiladores/Compilador_C_Minus/Processador_ARM/Processador_Quase_gcd_restored/db/sign_div_unsign_9nh.tdf Line: 25
Info (12021): Found 1 design units, including 1 entities, in source file db/alt_u_div_6af.tdf
    Info (12023): Found entity 1: alt_u_div_6af File: /home/andre/Documentos/Laboratorio_de_Compiladores/Compilador_C_Minus/Processador_ARM/Processador_Quase_gcd_restored/db/alt_u_div_6af.tdf Line: 27
Info (12130): Elaborated megafunction instantiation "out:M1|lpm_divide:Div2" File: /home/andre/Documentos/Laboratorio_de_Compiladores/Compilador_C_Minus/Processador_ARM/Processador_Quase_gcd_restored/out.v Line: 22
Info (12133): Instantiated megafunction "out:M1|lpm_divide:Div2" with the following parameter: File: /home/andre/Documentos/Laboratorio_de_Compiladores/Compilador_C_Minus/Processador_ARM/Processador_Quase_gcd_restored/out.v Line: 22
    Info (12134): Parameter "LPM_WIDTHN" = "14"
    Info (12134): Parameter "LPM_WIDTHD" = "10"
    Info (12134): Parameter "LPM_NREPRESENTATION" = "UNSIGNED"
    Info (12134): Parameter "LPM_DREPRESENTATION" = "UNSIGNED"
Info (12021): Found 1 design units, including 1 entities, in source file db/lpm_divide_dkm.tdf
    Info (12023): Found entity 1: lpm_divide_dkm File: /home/andre/Documentos/Laboratorio_de_Compiladores/Compilador_C_Minus/Processador_ARM/Processador_Quase_gcd_restored/db/lpm_divide_dkm.tdf Line: 25
Info (12021): Found 1 design units, including 1 entities, in source file db/sign_div_unsign_6nh.tdf
    Info (12023): Found entity 1: sign_div_unsign_6nh File: /home/andre/Documentos/Laboratorio_de_Compiladores/Compilador_C_Minus/Processador_ARM/Processador_Quase_gcd_restored/db/sign_div_unsign_6nh.tdf Line: 25
Info (12021): Found 1 design units, including 1 entities, in source file db/alt_u_div_v9f.tdf
    Info (12023): Found entity 1: alt_u_div_v9f File: /home/andre/Documentos/Laboratorio_de_Compiladores/Compilador_C_Minus/Processador_ARM/Processador_Quase_gcd_restored/db/alt_u_div_v9f.tdf Line: 27
Info (12130): Elaborated megafunction instantiation "Ula:T2|lpm_mult:Mult0" File: /home/andre/Documentos/Laboratorio_de_Compiladores/Compilador_C_Minus/Processador_ARM/Processador_Quase_gcd_restored/Ula.v Line: 16
Info (12133): Instantiated megafunction "Ula:T2|lpm_mult:Mult0" with the following parameter: File: /home/andre/Documentos/Laboratorio_de_Compiladores/Compilador_C_Minus/Processador_ARM/Processador_Quase_gcd_restored/Ula.v Line: 16
    Info (12134): Parameter "LPM_WIDTHA" = "32"
    Info (12134): Parameter "LPM_WIDTHB" = "32"
    Info (12134): Parameter "LPM_WIDTHP" = "64"
    Info (12134): Parameter "LPM_WIDTHR" = "64"
    Info (12134): Parameter "LPM_WIDTHS" = "1"
    Info (12134): Parameter "LPM_REPRESENTATION" = "UNSIGNED"
    Info (12134): Parameter "INPUT_A_IS_CONSTANT" = "NO"
    Info (12134): Parameter "INPUT_B_IS_CONSTANT" = "NO"
    Info (12134): Parameter "MAXIMIZE_SPEED" = "5"
Info (12021): Found 1 design units, including 1 entities, in source file db/mult_7dt.tdf
    Info (12023): Found entity 1: mult_7dt File: /home/andre/Documentos/Laboratorio_de_Compiladores/Compilador_C_Minus/Processador_ARM/Processador_Quase_gcd_restored/db/mult_7dt.tdf Line: 31
Info (12130): Elaborated megafunction instantiation "Ula:T2|lpm_divide:Div0" File: /home/andre/Documentos/Laboratorio_de_Compiladores/Compilador_C_Minus/Processador_ARM/Processador_Quase_gcd_restored/Ula.v Line: 17
Info (12133): Instantiated megafunction "Ula:T2|lpm_divide:Div0" with the following parameter: File: /home/andre/Documentos/Laboratorio_de_Compiladores/Compilador_C_Minus/Processador_ARM/Processador_Quase_gcd_restored/Ula.v Line: 17
    Info (12134): Parameter "LPM_WIDTHN" = "32"
    Info (12134): Parameter "LPM_WIDTHD" = "32"
    Info (12134): Parameter "LPM_NREPRESENTATION" = "UNSIGNED"
    Info (12134): Parameter "LPM_DREPRESENTATION" = "UNSIGNED"
Info (12021): Found 1 design units, including 1 entities, in source file db/lpm_divide_hkm.tdf
    Info (12023): Found entity 1: lpm_divide_hkm File: /home/andre/Documentos/Laboratorio_de_Compiladores/Compilador_C_Minus/Processador_ARM/Processador_Quase_gcd_restored/db/lpm_divide_hkm.tdf Line: 25
Info (12021): Found 1 design units, including 1 entities, in source file db/sign_div_unsign_anh.tdf
    Info (12023): Found entity 1: sign_div_unsign_anh File: /home/andre/Documentos/Laboratorio_de_Compiladores/Compilador_C_Minus/Processador_ARM/Processador_Quase_gcd_restored/db/sign_div_unsign_anh.tdf Line: 25
Info (12021): Found 1 design units, including 1 entities, in source file db/alt_u_div_7af.tdf
    Info (12023): Found entity 1: alt_u_div_7af File: /home/andre/Documentos/Laboratorio_de_Compiladores/Compilador_C_Minus/Processador_ARM/Processador_Quase_gcd_restored/db/alt_u_div_7af.tdf Line: 27
Warning (14284): Synthesized away the following node(s):
    Warning (14285): Synthesized away the following DSP element node(s):
        Warning (14320): Synthesized away node "Ula:T2|lpm_mult:Mult0|mult_7dt:auto_generated|mac_mult7" File: /home/andre/Documentos/Laboratorio_de_Compiladores/Compilador_C_Minus/Processador_ARM/Processador_Quase_gcd_restored/db/mult_7dt.tdf Line: 67
        Warning (14320): Synthesized away node "Ula:T2|lpm_mult:Mult0|mult_7dt:auto_generated|mac_out8" File: /home/andre/Documentos/Laboratorio_de_Compiladores/Compilador_C_Minus/Processador_ARM/Processador_Quase_gcd_restored/db/mult_7dt.tdf Line: 91
Warning (12241): 7 hierarchies have connectivity warnings - see the Connectivity Checks report folder
Info (13014): Ignored 84 buffer(s)
    Info (13019): Ignored 84 SOFT buffer(s)
Info (13025): Duplicate LATCH primitives merged into single LATCH primitive
    Info (13026): Duplicate LATCH primitive "unidade_de_controle:G1|Imediato[1]" merged with LATCH primitive "unidade_de_controle:G1|entrada_io" File: /home/andre/Documentos/Laboratorio_de_Compiladores/Compilador_C_Minus/Processador_ARM/Processador_Quase_gcd_restored/unidade_de_controle.v Line: 13
Warning (13012): Latch Ula:T2|r[0] has unsafe behavior File: /home/andre/Documentos/Laboratorio_de_Compiladores/Compilador_C_Minus/Processador_ARM/Processador_Quase_gcd_restored/Ula.v Line: 7
    Warning (13013): Ports D and ENA on the latch are fed by the same signal unidade_de_controle:G1|OperacaoULA[3] File: /home/andre/Documentos/Laboratorio_de_Compiladores/Compilador_C_Minus/Processador_ARM/Processador_Quase_gcd_restored/unidade_de_controle.v Line: 13
Warning (13012): Latch Ula:T2|r[1] has unsafe behavior File: /home/andre/Documentos/Laboratorio_de_Compiladores/Compilador_C_Minus/Processador_ARM/Processador_Quase_gcd_restored/Ula.v Line: 7
    Warning (13013): Ports D and ENA on the latch are fed by the same signal unidade_de_controle:G1|OperacaoULA[3] File: /home/andre/Documentos/Laboratorio_de_Compiladores/Compilador_C_Minus/Processador_ARM/Processador_Quase_gcd_restored/unidade_de_controle.v Line: 13
Warning (13012): Latch Ula:T2|r[2] has unsafe behavior File: /home/andre/Documentos/Laboratorio_de_Compiladores/Compilador_C_Minus/Processador_ARM/Processador_Quase_gcd_restored/Ula.v Line: 7
    Warning (13013): Ports D and ENA on the latch are fed by the same signal unidade_de_controle:G1|OperacaoULA[3] File: /home/andre/Documentos/Laboratorio_de_Compiladores/Compilador_C_Minus/Processador_ARM/Processador_Quase_gcd_restored/unidade_de_controle.v Line: 13
Warning (13012): Latch Ula:T2|r[3] has unsafe behavior File: /home/andre/Documentos/Laboratorio_de_Compiladores/Compilador_C_Minus/Processador_ARM/Processador_Quase_gcd_restored/Ula.v Line: 7
    Warning (13013): Ports D and ENA on the latch are fed by the same signal unidade_de_controle:G1|OperacaoULA[3] File: /home/andre/Documentos/Laboratorio_de_Compiladores/Compilador_C_Minus/Processador_ARM/Processador_Quase_gcd_restored/unidade_de_controle.v Line: 13
Warning (13012): Latch Ula:T2|r[4] has unsafe behavior File: /home/andre/Documentos/Laboratorio_de_Compiladores/Compilador_C_Minus/Processador_ARM/Processador_Quase_gcd_restored/Ula.v Line: 7
    Warning (13013): Ports D and ENA on the latch are fed by the same signal unidade_de_controle:G1|OperacaoULA[3] File: /home/andre/Documentos/Laboratorio_de_Compiladores/Compilador_C_Minus/Processador_ARM/Processador_Quase_gcd_restored/unidade_de_controle.v Line: 13
Warning (13012): Latch Ula:T2|r[5] has unsafe behavior File: /home/andre/Documentos/Laboratorio_de_Compiladores/Compilador_C_Minus/Processador_ARM/Processador_Quase_gcd_restored/Ula.v Line: 7
    Warning (13013): Ports D and ENA on the latch are fed by the same signal unidade_de_controle:G1|OperacaoULA[3] File: /home/andre/Documentos/Laboratorio_de_Compiladores/Compilador_C_Minus/Processador_ARM/Processador_Quase_gcd_restored/unidade_de_controle.v Line: 13
Warning (13012): Latch Ula:T2|r[6] has unsafe behavior File: /home/andre/Documentos/Laboratorio_de_Compiladores/Compilador_C_Minus/Processador_ARM/Processador_Quase_gcd_restored/Ula.v Line: 7
    Warning (13013): Ports D and ENA on the latch are fed by the same signal unidade_de_controle:G1|OperacaoULA[3] File: /home/andre/Documentos/Laboratorio_de_Compiladores/Compilador_C_Minus/Processador_ARM/Processador_Quase_gcd_restored/unidade_de_controle.v Line: 13
Warning (13012): Latch Ula:T2|r[7] has unsafe behavior File: /home/andre/Documentos/Laboratorio_de_Compiladores/Compilador_C_Minus/Processador_ARM/Processador_Quase_gcd_restored/Ula.v Line: 7
    Warning (13013): Ports D and ENA on the latch are fed by the same signal unidade_de_controle:G1|OperacaoULA[3] File: /home/andre/Documentos/Laboratorio_de_Compiladores/Compilador_C_Minus/Processador_ARM/Processador_Quase_gcd_restored/unidade_de_controle.v Line: 13
Warning (13012): Latch Ula:T2|r[8] has unsafe behavior File: /home/andre/Documentos/Laboratorio_de_Compiladores/Compilador_C_Minus/Processador_ARM/Processador_Quase_gcd_restored/Ula.v Line: 7
    Warning (13013): Ports D and ENA on the latch are fed by the same signal unidade_de_controle:G1|OperacaoULA[3] File: /home/andre/Documentos/Laboratorio_de_Compiladores/Compilador_C_Minus/Processador_ARM/Processador_Quase_gcd_restored/unidade_de_controle.v Line: 13
Warning (13012): Latch Ula:T2|r[9] has unsafe behavior File: /home/andre/Documentos/Laboratorio_de_Compiladores/Compilador_C_Minus/Processador_ARM/Processador_Quase_gcd_restored/Ula.v Line: 7
    Warning (13013): Ports D and ENA on the latch are fed by the same signal unidade_de_controle:G1|OperacaoULA[3] File: /home/andre/Documentos/Laboratorio_de_Compiladores/Compilador_C_Minus/Processador_ARM/Processador_Quase_gcd_restored/unidade_de_controle.v Line: 13
Warning (13012): Latch Ula:T2|r[10] has unsafe behavior File: /home/andre/Documentos/Laboratorio_de_Compiladores/Compilador_C_Minus/Processador_ARM/Processador_Quase_gcd_restored/Ula.v Line: 7
    Warning (13013): Ports D and ENA on the latch are fed by the same signal unidade_de_controle:G1|OperacaoULA[3] File: /home/andre/Documentos/Laboratorio_de_Compiladores/Compilador_C_Minus/Processador_ARM/Processador_Quase_gcd_restored/unidade_de_controle.v Line: 13
Warning (13012): Latch Ula:T2|r[11] has unsafe behavior File: /home/andre/Documentos/Laboratorio_de_Compiladores/Compilador_C_Minus/Processador_ARM/Processador_Quase_gcd_restored/Ula.v Line: 7
    Warning (13013): Ports D and ENA on the latch are fed by the same signal unidade_de_controle:G1|OperacaoULA[3] File: /home/andre/Documentos/Laboratorio_de_Compiladores/Compilador_C_Minus/Processador_ARM/Processador_Quase_gcd_restored/unidade_de_controle.v Line: 13
Warning (13012): Latch Ula:T2|r[12] has unsafe behavior File: /home/andre/Documentos/Laboratorio_de_Compiladores/Compilador_C_Minus/Processador_ARM/Processador_Quase_gcd_restored/Ula.v Line: 7
    Warning (13013): Ports D and ENA on the latch are fed by the same signal unidade_de_controle:G1|OperacaoULA[3] File: /home/andre/Documentos/Laboratorio_de_Compiladores/Compilador_C_Minus/Processador_ARM/Processador_Quase_gcd_restored/unidade_de_controle.v Line: 13
Warning (13012): Latch Ula:T2|r[13] has unsafe behavior File: /home/andre/Documentos/Laboratorio_de_Compiladores/Compilador_C_Minus/Processador_ARM/Processador_Quase_gcd_restored/Ula.v Line: 7
    Warning (13013): Ports D and ENA on the latch are fed by the same signal unidade_de_controle:G1|OperacaoULA[3] File: /home/andre/Documentos/Laboratorio_de_Compiladores/Compilador_C_Minus/Processador_ARM/Processador_Quase_gcd_restored/unidade_de_controle.v Line: 13
Warning (13012): Latch Ula:T2|r[14] has unsafe behavior File: /home/andre/Documentos/Laboratorio_de_Compiladores/Compilador_C_Minus/Processador_ARM/Processador_Quase_gcd_restored/Ula.v Line: 7
    Warning (13013): Ports D and ENA on the latch are fed by the same signal unidade_de_controle:G1|OperacaoULA[3] File: /home/andre/Documentos/Laboratorio_de_Compiladores/Compilador_C_Minus/Processador_ARM/Processador_Quase_gcd_restored/unidade_de_controle.v Line: 13
Warning (13012): Latch Ula:T2|r[15] has unsafe behavior File: /home/andre/Documentos/Laboratorio_de_Compiladores/Compilador_C_Minus/Processador_ARM/Processador_Quase_gcd_restored/Ula.v Line: 7
    Warning (13013): Ports D and ENA on the latch are fed by the same signal unidade_de_controle:G1|OperacaoULA[3] File: /home/andre/Documentos/Laboratorio_de_Compiladores/Compilador_C_Minus/Processador_ARM/Processador_Quase_gcd_restored/unidade_de_controle.v Line: 13
Warning (13012): Latch Ula:T2|r[16] has unsafe behavior File: /home/andre/Documentos/Laboratorio_de_Compiladores/Compilador_C_Minus/Processador_ARM/Processador_Quase_gcd_restored/Ula.v Line: 7
    Warning (13013): Ports D and ENA on the latch are fed by the same signal unidade_de_controle:G1|OperacaoULA[3] File: /home/andre/Documentos/Laboratorio_de_Compiladores/Compilador_C_Minus/Processador_ARM/Processador_Quase_gcd_restored/unidade_de_controle.v Line: 13
Warning (13012): Latch Ula:T2|r[17] has unsafe behavior File: /home/andre/Documentos/Laboratorio_de_Compiladores/Compilador_C_Minus/Processador_ARM/Processador_Quase_gcd_restored/Ula.v Line: 7
    Warning (13013): Ports D and ENA on the latch are fed by the same signal unidade_de_controle:G1|OperacaoULA[3] File: /home/andre/Documentos/Laboratorio_de_Compiladores/Compilador_C_Minus/Processador_ARM/Processador_Quase_gcd_restored/unidade_de_controle.v Line: 13
Warning (13012): Latch Ula:T2|r[18] has unsafe behavior File: /home/andre/Documentos/Laboratorio_de_Compiladores/Compilador_C_Minus/Processador_ARM/Processador_Quase_gcd_restored/Ula.v Line: 7
    Warning (13013): Ports D and ENA on the latch are fed by the same signal unidade_de_controle:G1|OperacaoULA[3] File: /home/andre/Documentos/Laboratorio_de_Compiladores/Compilador_C_Minus/Processador_ARM/Processador_Quase_gcd_restored/unidade_de_controle.v Line: 13
Warning (13012): Latch Ula:T2|r[19] has unsafe behavior File: /home/andre/Documentos/Laboratorio_de_Compiladores/Compilador_C_Minus/Processador_ARM/Processador_Quase_gcd_restored/Ula.v Line: 7
    Warning (13013): Ports D and ENA on the latch are fed by the same signal unidade_de_controle:G1|OperacaoULA[3] File: /home/andre/Documentos/Laboratorio_de_Compiladores/Compilador_C_Minus/Processador_ARM/Processador_Quase_gcd_restored/unidade_de_controle.v Line: 13
Warning (13012): Latch Ula:T2|r[20] has unsafe behavior File: /home/andre/Documentos/Laboratorio_de_Compiladores/Compilador_C_Minus/Processador_ARM/Processador_Quase_gcd_restored/Ula.v Line: 7
    Warning (13013): Ports D and ENA on the latch are fed by the same signal unidade_de_controle:G1|OperacaoULA[3] File: /home/andre/Documentos/Laboratorio_de_Compiladores/Compilador_C_Minus/Processador_ARM/Processador_Quase_gcd_restored/unidade_de_controle.v Line: 13
Warning (13012): Latch Ula:T2|r[21] has unsafe behavior File: /home/andre/Documentos/Laboratorio_de_Compiladores/Compilador_C_Minus/Processador_ARM/Processador_Quase_gcd_restored/Ula.v Line: 7
    Warning (13013): Ports D and ENA on the latch are fed by the same signal unidade_de_controle:G1|OperacaoULA[3] File: /home/andre/Documentos/Laboratorio_de_Compiladores/Compilador_C_Minus/Processador_ARM/Processador_Quase_gcd_restored/unidade_de_controle.v Line: 13
Warning (13012): Latch Ula:T2|r[22] has unsafe behavior File: /home/andre/Documentos/Laboratorio_de_Compiladores/Compilador_C_Minus/Processador_ARM/Processador_Quase_gcd_restored/Ula.v Line: 7
    Warning (13013): Ports D and ENA on the latch are fed by the same signal unidade_de_controle:G1|OperacaoULA[3] File: /home/andre/Documentos/Laboratorio_de_Compiladores/Compilador_C_Minus/Processador_ARM/Processador_Quase_gcd_restored/unidade_de_controle.v Line: 13
Warning (13012): Latch Ula:T2|r[23] has unsafe behavior File: /home/andre/Documentos/Laboratorio_de_Compiladores/Compilador_C_Minus/Processador_ARM/Processador_Quase_gcd_restored/Ula.v Line: 7
    Warning (13013): Ports D and ENA on the latch are fed by the same signal unidade_de_controle:G1|OperacaoULA[3] File: /home/andre/Documentos/Laboratorio_de_Compiladores/Compilador_C_Minus/Processador_ARM/Processador_Quase_gcd_restored/unidade_de_controle.v Line: 13
Warning (13012): Latch Ula:T2|r[24] has unsafe behavior File: /home/andre/Documentos/Laboratorio_de_Compiladores/Compilador_C_Minus/Processador_ARM/Processador_Quase_gcd_restored/Ula.v Line: 7
    Warning (13013): Ports D and ENA on the latch are fed by the same signal unidade_de_controle:G1|OperacaoULA[3] File: /home/andre/Documentos/Laboratorio_de_Compiladores/Compilador_C_Minus/Processador_ARM/Processador_Quase_gcd_restored/unidade_de_controle.v Line: 13
Warning (13012): Latch Ula:T2|r[25] has unsafe behavior File: /home/andre/Documentos/Laboratorio_de_Compiladores/Compilador_C_Minus/Processador_ARM/Processador_Quase_gcd_restored/Ula.v Line: 7
    Warning (13013): Ports D and ENA on the latch are fed by the same signal unidade_de_controle:G1|OperacaoULA[3] File: /home/andre/Documentos/Laboratorio_de_Compiladores/Compilador_C_Minus/Processador_ARM/Processador_Quase_gcd_restored/unidade_de_controle.v Line: 13
Warning (13012): Latch Ula:T2|r[26] has unsafe behavior File: /home/andre/Documentos/Laboratorio_de_Compiladores/Compilador_C_Minus/Processador_ARM/Processador_Quase_gcd_restored/Ula.v Line: 7
    Warning (13013): Ports D and ENA on the latch are fed by the same signal unidade_de_controle:G1|OperacaoULA[3] File: /home/andre/Documentos/Laboratorio_de_Compiladores/Compilador_C_Minus/Processador_ARM/Processador_Quase_gcd_restored/unidade_de_controle.v Line: 13
Warning (13012): Latch Ula:T2|r[27] has unsafe behavior File: /home/andre/Documentos/Laboratorio_de_Compiladores/Compilador_C_Minus/Processador_ARM/Processador_Quase_gcd_restored/Ula.v Line: 7
    Warning (13013): Ports D and ENA on the latch are fed by the same signal unidade_de_controle:G1|OperacaoULA[3] File: /home/andre/Documentos/Laboratorio_de_Compiladores/Compilador_C_Minus/Processador_ARM/Processador_Quase_gcd_restored/unidade_de_controle.v Line: 13
Warning (13012): Latch Ula:T2|r[28] has unsafe behavior File: /home/andre/Documentos/Laboratorio_de_Compiladores/Compilador_C_Minus/Processador_ARM/Processador_Quase_gcd_restored/Ula.v Line: 7
    Warning (13013): Ports D and ENA on the latch are fed by the same signal unidade_de_controle:G1|OperacaoULA[3] File: /home/andre/Documentos/Laboratorio_de_Compiladores/Compilador_C_Minus/Processador_ARM/Processador_Quase_gcd_restored/unidade_de_controle.v Line: 13
Warning (13012): Latch Ula:T2|r[29] has unsafe behavior File: /home/andre/Documentos/Laboratorio_de_Compiladores/Compilador_C_Minus/Processador_ARM/Processador_Quase_gcd_restored/Ula.v Line: 7
    Warning (13013): Ports D and ENA on the latch are fed by the same signal unidade_de_controle:G1|OperacaoULA[3] File: /home/andre/Documentos/Laboratorio_de_Compiladores/Compilador_C_Minus/Processador_ARM/Processador_Quase_gcd_restored/unidade_de_controle.v Line: 13
Warning (13012): Latch Ula:T2|r[30] has unsafe behavior File: /home/andre/Documentos/Laboratorio_de_Compiladores/Compilador_C_Minus/Processador_ARM/Processador_Quase_gcd_restored/Ula.v Line: 7
    Warning (13013): Ports D and ENA on the latch are fed by the same signal unidade_de_controle:G1|OperacaoULA[3] File: /home/andre/Documentos/Laboratorio_de_Compiladores/Compilador_C_Minus/Processador_ARM/Processador_Quase_gcd_restored/unidade_de_controle.v Line: 13
Warning (13012): Latch Ula:T2|N has unsafe behavior File: /home/andre/Documentos/Laboratorio_de_Compiladores/Compilador_C_Minus/Processador_ARM/Processador_Quase_gcd_restored/Ula.v Line: 6
    Warning (13013): Ports D and ENA on the latch are fed by the same signal unidade_de_controle:G1|OperacaoULA[3] File: /home/andre/Documentos/Laboratorio_de_Compiladores/Compilador_C_Minus/Processador_ARM/Processador_Quase_gcd_restored/unidade_de_controle.v Line: 13
Warning (13012): Latch unidade_de_controle:G1|EscritaReg has unsafe behavior File: /home/andre/Documentos/Laboratorio_de_Compiladores/Compilador_C_Minus/Processador_ARM/Processador_Quase_gcd_restored/unidade_de_controle.v Line: 8
    Warning (13013): Ports D and ENA on the latch are fed by the same signal memoria_de_instrucoes:B1|q[26] File: /home/andre/Documentos/Laboratorio_de_Compiladores/Compilador_C_Minus/Processador_ARM/Processador_Quase_gcd_restored/memoria_de_instrucoes.v Line: 28
Warning (13012): Latch unidade_de_controle:G1|OperacaoULA[0] has unsafe behavior File: /home/andre/Documentos/Laboratorio_de_Compiladores/Compilador_C_Minus/Processador_ARM/Processador_Quase_gcd_restored/unidade_de_controle.v Line: 13
    Warning (13013): Ports D and ENA on the latch are fed by the same signal memoria_de_instrucoes:B1|q[27] File: /home/andre/Documentos/Laboratorio_de_Compiladores/Compilador_C_Minus/Processador_ARM/Processador_Quase_gcd_restored/memoria_de_instrucoes.v Line: 28
Warning (13012): Latch unidade_de_controle:G1|OperacaoULA[1] has unsafe behavior File: /home/andre/Documentos/Laboratorio_de_Compiladores/Compilador_C_Minus/Processador_ARM/Processador_Quase_gcd_restored/unidade_de_controle.v Line: 13
    Warning (13013): Ports D and ENA on the latch are fed by the same signal memoria_de_instrucoes:B1|q[20] File: /home/andre/Documentos/Laboratorio_de_Compiladores/Compilador_C_Minus/Processador_ARM/Processador_Quase_gcd_restored/memoria_de_instrucoes.v Line: 28
Warning (13012): Latch unidade_de_controle:G1|OperacaoULA[2] has unsafe behavior File: /home/andre/Documentos/Laboratorio_de_Compiladores/Compilador_C_Minus/Processador_ARM/Processador_Quase_gcd_restored/unidade_de_controle.v Line: 13
    Warning (13013): Ports D and ENA on the latch are fed by the same signal memoria_de_instrucoes:B1|q[26] File: /home/andre/Documentos/Laboratorio_de_Compiladores/Compilador_C_Minus/Processador_ARM/Processador_Quase_gcd_restored/memoria_de_instrucoes.v Line: 28
Warning (13012): Latch unidade_de_controle:G1|OperacaoULA[3] has unsafe behavior File: /home/andre/Documentos/Laboratorio_de_Compiladores/Compilador_C_Minus/Processador_ARM/Processador_Quase_gcd_restored/unidade_de_controle.v Line: 13
    Warning (13013): Ports D and ENA on the latch are fed by the same signal memoria_de_instrucoes:B1|q[20] File: /home/andre/Documentos/Laboratorio_de_Compiladores/Compilador_C_Minus/Processador_ARM/Processador_Quase_gcd_restored/memoria_de_instrucoes.v Line: 28
Warning (13012): Latch unidade_de_controle:G1|EscritaMem has unsafe behavior File: /home/andre/Documentos/Laboratorio_de_Compiladores/Compilador_C_Minus/Processador_ARM/Processador_Quase_gcd_restored/unidade_de_controle.v Line: 8
    Warning (13013): Ports D and ENA on the latch are fed by the same signal memoria_de_instrucoes:B1|q[20] File: /home/andre/Documentos/Laboratorio_de_Compiladores/Compilador_C_Minus/Processador_ARM/Processador_Quase_gcd_restored/memoria_de_instrucoes.v Line: 28
Warning (13012): Latch unidade_de_controle:G1|OperandoULA has unsafe behavior File: /home/andre/Documentos/Laboratorio_de_Compiladores/Compilador_C_Minus/Processador_ARM/Processador_Quase_gcd_restored/unidade_de_controle.v Line: 8
    Warning (13013): Ports D and ENA on the latch are fed by the same signal memoria_de_instrucoes:B1|q[27] File: /home/andre/Documentos/Laboratorio_de_Compiladores/Compilador_C_Minus/Processador_ARM/Processador_Quase_gcd_restored/memoria_de_instrucoes.v Line: 28
Warning (13012): Latch unidade_de_controle:G1|MemToReg has unsafe behavior File: /home/andre/Documentos/Laboratorio_de_Compiladores/Compilador_C_Minus/Processador_ARM/Processador_Quase_gcd_restored/unidade_de_controle.v Line: 8
    Warning (13013): Ports D and ENA on the latch are fed by the same signal memoria_de_instrucoes:B1|q[20] File: /home/andre/Documentos/Laboratorio_de_Compiladores/Compilador_C_Minus/Processador_ARM/Processador_Quase_gcd_restored/memoria_de_instrucoes.v Line: 28
Warning (13012): Latch unidade_de_controle:G1|PCFonte has unsafe behavior File: /home/andre/Documentos/Laboratorio_de_Compiladores/Compilador_C_Minus/Processador_ARM/Processador_Quase_gcd_restored/unidade_de_controle.v Line: 8
    Warning (13013): Ports D and ENA on the latch are fed by the same signal memoria_de_instrucoes:B1|q[26] File: /home/andre/Documentos/Laboratorio_de_Compiladores/Compilador_C_Minus/Processador_ARM/Processador_Quase_gcd_restored/memoria_de_instrucoes.v Line: 28
Warning (13012): Latch unidade_de_controle:G1|RegFonte has unsafe behavior File: /home/andre/Documentos/Laboratorio_de_Compiladores/Compilador_C_Minus/Processador_ARM/Processador_Quase_gcd_restored/unidade_de_controle.v Line: 8
    Warning (13013): Ports D and ENA on the latch are fed by the same signal memoria_de_instrucoes:B1|q[26] File: /home/andre/Documentos/Laboratorio_de_Compiladores/Compilador_C_Minus/Processador_ARM/Processador_Quase_gcd_restored/memoria_de_instrucoes.v Line: 28
Warning (13012): Latch unidade_de_controle:G1|entrada_io has unsafe behavior File: /home/andre/Documentos/Laboratorio_de_Compiladores/Compilador_C_Minus/Processador_ARM/Processador_Quase_gcd_restored/unidade_de_controle.v Line: 8
    Warning (13013): Ports D and ENA on the latch are fed by the same signal memoria_de_instrucoes:B1|q[26] File: /home/andre/Documentos/Laboratorio_de_Compiladores/Compilador_C_Minus/Processador_ARM/Processador_Quase_gcd_restored/memoria_de_instrucoes.v Line: 28
Warning (13012): Latch unidade_de_controle:G1|controle_out has unsafe behavior File: /home/andre/Documentos/Laboratorio_de_Compiladores/Compilador_C_Minus/Processador_ARM/Processador_Quase_gcd_restored/unidade_de_controle.v Line: 8
    Warning (13013): Ports D and ENA on the latch are fed by the same signal memoria_de_instrucoes:B1|q[20] File: /home/andre/Documentos/Laboratorio_de_Compiladores/Compilador_C_Minus/Processador_ARM/Processador_Quase_gcd_restored/memoria_de_instrucoes.v Line: 28
Warning (13012): Latch unidade_de_controle:G1|Imediato[0] has unsafe behavior File: /home/andre/Documentos/Laboratorio_de_Compiladores/Compilador_C_Minus/Processador_ARM/Processador_Quase_gcd_restored/unidade_de_controle.v Line: 13
    Warning (13013): Ports D and ENA on the latch are fed by the same signal memoria_de_instrucoes:B1|q[20] File: /home/andre/Documentos/Laboratorio_de_Compiladores/Compilador_C_Minus/Processador_ARM/Processador_Quase_gcd_restored/memoria_de_instrucoes.v Line: 28
Warning (13024): Output pins are stuck at VCC or GND
    Warning (13410): Pin "positivo" is stuck at GND File: /home/andre/Documentos/Laboratorio_de_Compiladores/Compilador_C_Minus/Processador_ARM/Processador_Quase_gcd_restored/Processador.v Line: 18
    Warning (13410): Pin "instrucao[14]" is stuck at GND File: /home/andre/Documentos/Laboratorio_de_Compiladores/Compilador_C_Minus/Processador_ARM/Processador_Quase_gcd_restored/Processador.v Line: 16
    Warning (13410): Pin "instrucao[19]" is stuck at GND File: /home/andre/Documentos/Laboratorio_de_Compiladores/Compilador_C_Minus/Processador_ARM/Processador_Quase_gcd_restored/Processador.v Line: 16
    Warning (13410): Pin "dado_escrita[0]" is stuck at GND File: /home/andre/Documentos/Laboratorio_de_Compiladores/Compilador_C_Minus/Processador_ARM/Processador_Quase_gcd_restored/Processador.v Line: 25
    Warning (13410): Pin "dado_escrita[1]" is stuck at GND File: /home/andre/Documentos/Laboratorio_de_Compiladores/Compilador_C_Minus/Processador_ARM/Processador_Quase_gcd_restored/Processador.v Line: 25
    Warning (13410): Pin "dado_escrita[2]" is stuck at GND File: /home/andre/Documentos/Laboratorio_de_Compiladores/Compilador_C_Minus/Processador_ARM/Processador_Quase_gcd_restored/Processador.v Line: 25
    Warning (13410): Pin "dado_escrita[3]" is stuck at GND File: /home/andre/Documentos/Laboratorio_de_Compiladores/Compilador_C_Minus/Processador_ARM/Processador_Quase_gcd_restored/Processador.v Line: 25
    Warning (13410): Pin "dado_escrita[4]" is stuck at GND File: /home/andre/Documentos/Laboratorio_de_Compiladores/Compilador_C_Minus/Processador_ARM/Processador_Quase_gcd_restored/Processador.v Line: 25
    Warning (13410): Pin "dado_escrita[5]" is stuck at GND File: /home/andre/Documentos/Laboratorio_de_Compiladores/Compilador_C_Minus/Processador_ARM/Processador_Quase_gcd_restored/Processador.v Line: 25
    Warning (13410): Pin "dado_escrita[6]" is stuck at GND File: /home/andre/Documentos/Laboratorio_de_Compiladores/Compilador_C_Minus/Processador_ARM/Processador_Quase_gcd_restored/Processador.v Line: 25
    Warning (13410): Pin "dado_escrita[7]" is stuck at GND File: /home/andre/Documentos/Laboratorio_de_Compiladores/Compilador_C_Minus/Processador_ARM/Processador_Quase_gcd_restored/Processador.v Line: 25
    Warning (13410): Pin "dado_escrita[8]" is stuck at GND File: /home/andre/Documentos/Laboratorio_de_Compiladores/Compilador_C_Minus/Processador_ARM/Processador_Quase_gcd_restored/Processador.v Line: 25
    Warning (13410): Pin "dado_escrita[9]" is stuck at GND File: /home/andre/Documentos/Laboratorio_de_Compiladores/Compilador_C_Minus/Processador_ARM/Processador_Quase_gcd_restored/Processador.v Line: 25
    Warning (13410): Pin "dado_escrita[10]" is stuck at GND File: /home/andre/Documentos/Laboratorio_de_Compiladores/Compilador_C_Minus/Processador_ARM/Processador_Quase_gcd_restored/Processador.v Line: 25
    Warning (13410): Pin "dado_escrita[11]" is stuck at GND File: /home/andre/Documentos/Laboratorio_de_Compiladores/Compilador_C_Minus/Processador_ARM/Processador_Quase_gcd_restored/Processador.v Line: 25
    Warning (13410): Pin "dado_escrita[12]" is stuck at GND File: /home/andre/Documentos/Laboratorio_de_Compiladores/Compilador_C_Minus/Processador_ARM/Processador_Quase_gcd_restored/Processador.v Line: 25
    Warning (13410): Pin "dado_escrita[13]" is stuck at GND File: /home/andre/Documentos/Laboratorio_de_Compiladores/Compilador_C_Minus/Processador_ARM/Processador_Quase_gcd_restored/Processador.v Line: 25
    Warning (13410): Pin "dado_escrita[14]" is stuck at GND File: /home/andre/Documentos/Laboratorio_de_Compiladores/Compilador_C_Minus/Processador_ARM/Processador_Quase_gcd_restored/Processador.v Line: 25
    Warning (13410): Pin "dado_escrita[15]" is stuck at GND File: /home/andre/Documentos/Laboratorio_de_Compiladores/Compilador_C_Minus/Processador_ARM/Processador_Quase_gcd_restored/Processador.v Line: 25
    Warning (13410): Pin "dado_escrita[16]" is stuck at GND File: /home/andre/Documentos/Laboratorio_de_Compiladores/Compilador_C_Minus/Processador_ARM/Processador_Quase_gcd_restored/Processador.v Line: 25
    Warning (13410): Pin "dado_escrita[17]" is stuck at GND File: /home/andre/Documentos/Laboratorio_de_Compiladores/Compilador_C_Minus/Processador_ARM/Processador_Quase_gcd_restored/Processador.v Line: 25
    Warning (13410): Pin "dado_escrita[18]" is stuck at GND File: /home/andre/Documentos/Laboratorio_de_Compiladores/Compilador_C_Minus/Processador_ARM/Processador_Quase_gcd_restored/Processador.v Line: 25
    Warning (13410): Pin "dado_escrita[19]" is stuck at GND File: /home/andre/Documentos/Laboratorio_de_Compiladores/Compilador_C_Minus/Processador_ARM/Processador_Quase_gcd_restored/Processador.v Line: 25
    Warning (13410): Pin "dado_escrita[20]" is stuck at GND File: /home/andre/Documentos/Laboratorio_de_Compiladores/Compilador_C_Minus/Processador_ARM/Processador_Quase_gcd_restored/Processador.v Line: 25
    Warning (13410): Pin "dado_escrita[21]" is stuck at GND File: /home/andre/Documentos/Laboratorio_de_Compiladores/Compilador_C_Minus/Processador_ARM/Processador_Quase_gcd_restored/Processador.v Line: 25
    Warning (13410): Pin "dado_escrita[22]" is stuck at GND File: /home/andre/Documentos/Laboratorio_de_Compiladores/Compilador_C_Minus/Processador_ARM/Processador_Quase_gcd_restored/Processador.v Line: 25
    Warning (13410): Pin "dado_escrita[23]" is stuck at GND File: /home/andre/Documentos/Laboratorio_de_Compiladores/Compilador_C_Minus/Processador_ARM/Processador_Quase_gcd_restored/Processador.v Line: 25
    Warning (13410): Pin "dado_escrita[24]" is stuck at GND File: /home/andre/Documentos/Laboratorio_de_Compiladores/Compilador_C_Minus/Processador_ARM/Processador_Quase_gcd_restored/Processador.v Line: 25
    Warning (13410): Pin "dado_escrita[25]" is stuck at GND File: /home/andre/Documentos/Laboratorio_de_Compiladores/Compilador_C_Minus/Processador_ARM/Processador_Quase_gcd_restored/Processador.v Line: 25
    Warning (13410): Pin "dado_escrita[26]" is stuck at GND File: /home/andre/Documentos/Laboratorio_de_Compiladores/Compilador_C_Minus/Processador_ARM/Processador_Quase_gcd_restored/Processador.v Line: 25
    Warning (13410): Pin "dado_escrita[27]" is stuck at GND File: /home/andre/Documentos/Laboratorio_de_Compiladores/Compilador_C_Minus/Processador_ARM/Processador_Quase_gcd_restored/Processador.v Line: 25
    Warning (13410): Pin "dado_escrita[28]" is stuck at GND File: /home/andre/Documentos/Laboratorio_de_Compiladores/Compilador_C_Minus/Processador_ARM/Processador_Quase_gcd_restored/Processador.v Line: 25
    Warning (13410): Pin "dado_escrita[29]" is stuck at GND File: /home/andre/Documentos/Laboratorio_de_Compiladores/Compilador_C_Minus/Processador_ARM/Processador_Quase_gcd_restored/Processador.v Line: 25
    Warning (13410): Pin "dado_escrita[30]" is stuck at GND File: /home/andre/Documentos/Laboratorio_de_Compiladores/Compilador_C_Minus/Processador_ARM/Processador_Quase_gcd_restored/Processador.v Line: 25
    Warning (13410): Pin "dado_escrita[31]" is stuck at GND File: /home/andre/Documentos/Laboratorio_de_Compiladores/Compilador_C_Minus/Processador_ARM/Processador_Quase_gcd_restored/Processador.v Line: 25
    Warning (13410): Pin "rn[4]" is stuck at GND File: /home/andre/Documentos/Laboratorio_de_Compiladores/Compilador_C_Minus/Processador_ARM/Processador_Quase_gcd_restored/Processador.v Line: 22
    Warning (13410): Pin "rd[4]" is stuck at GND File: /home/andre/Documentos/Laboratorio_de_Compiladores/Compilador_C_Minus/Processador_ARM/Processador_Quase_gcd_restored/Processador.v Line: 21
    Warning (13410): Pin "cond[4]" is stuck at GND File: /home/andre/Documentos/Laboratorio_de_Compiladores/Compilador_C_Minus/Processador_ARM/Processador_Quase_gcd_restored/Processador.v Line: 21
    Warning (13410): Pin "botao_pressionado" is stuck at GND File: /home/andre/Documentos/Laboratorio_de_Compiladores/Compilador_C_Minus/Processador_ARM/Processador_Quase_gcd_restored/Processador.v Line: 7
    Warning (13410): Pin "contador2[0]" is stuck at GND File: /home/andre/Documentos/Laboratorio_de_Compiladores/Compilador_C_Minus/Processador_ARM/Processador_Quase_gcd_restored/Processador.v Line: 12
    Warning (13410): Pin "contador2[1]" is stuck at GND File: /home/andre/Documentos/Laboratorio_de_Compiladores/Compilador_C_Minus/Processador_ARM/Processador_Quase_gcd_restored/Processador.v Line: 12
    Warning (13410): Pin "seg4[0]" is stuck at GND File: /home/andre/Documentos/Laboratorio_de_Compiladores/Compilador_C_Minus/Processador_ARM/Processador_Quase_gcd_restored/Processador.v Line: 34
    Warning (13410): Pin "seg4[1]" is stuck at GND File: /home/andre/Documentos/Laboratorio_de_Compiladores/Compilador_C_Minus/Processador_ARM/Processador_Quase_gcd_restored/Processador.v Line: 34
    Warning (13410): Pin "seg4[2]" is stuck at GND File: /home/andre/Documentos/Laboratorio_de_Compiladores/Compilador_C_Minus/Processador_ARM/Processador_Quase_gcd_restored/Processador.v Line: 34
    Warning (13410): Pin "seg4[3]" is stuck at GND File: /home/andre/Documentos/Laboratorio_de_Compiladores/Compilador_C_Minus/Processador_ARM/Processador_Quase_gcd_restored/Processador.v Line: 34
    Warning (13410): Pin "seg4[4]" is stuck at GND File: /home/andre/Documentos/Laboratorio_de_Compiladores/Compilador_C_Minus/Processador_ARM/Processador_Quase_gcd_restored/Processador.v Line: 34
    Warning (13410): Pin "seg4[5]" is stuck at GND File: /home/andre/Documentos/Laboratorio_de_Compiladores/Compilador_C_Minus/Processador_ARM/Processador_Quase_gcd_restored/Processador.v Line: 34
    Warning (13410): Pin "seg4[6]" is stuck at VCC File: /home/andre/Documentos/Laboratorio_de_Compiladores/Compilador_C_Minus/Processador_ARM/Processador_Quase_gcd_restored/Processador.v Line: 34
    Warning (13410): Pin "seg5[0]" is stuck at GND File: /home/andre/Documentos/Laboratorio_de_Compiladores/Compilador_C_Minus/Processador_ARM/Processador_Quase_gcd_restored/Processador.v Line: 34
    Warning (13410): Pin "seg5[1]" is stuck at GND File: /home/andre/Documentos/Laboratorio_de_Compiladores/Compilador_C_Minus/Processador_ARM/Processador_Quase_gcd_restored/Processador.v Line: 34
    Warning (13410): Pin "seg5[2]" is stuck at GND File: /home/andre/Documentos/Laboratorio_de_Compiladores/Compilador_C_Minus/Processador_ARM/Processador_Quase_gcd_restored/Processador.v Line: 34
    Warning (13410): Pin "seg5[3]" is stuck at GND File: /home/andre/Documentos/Laboratorio_de_Compiladores/Compilador_C_Minus/Processador_ARM/Processador_Quase_gcd_restored/Processador.v Line: 34
    Warning (13410): Pin "seg5[4]" is stuck at GND File: /home/andre/Documentos/Laboratorio_de_Compiladores/Compilador_C_Minus/Processador_ARM/Processador_Quase_gcd_restored/Processador.v Line: 34
    Warning (13410): Pin "seg5[5]" is stuck at GND File: /home/andre/Documentos/Laboratorio_de_Compiladores/Compilador_C_Minus/Processador_ARM/Processador_Quase_gcd_restored/Processador.v Line: 34
    Warning (13410): Pin "seg5[6]" is stuck at VCC File: /home/andre/Documentos/Laboratorio_de_Compiladores/Compilador_C_Minus/Processador_ARM/Processador_Quase_gcd_restored/Processador.v Line: 34
    Warning (13410): Pin "seg6[0]" is stuck at GND File: /home/andre/Documentos/Laboratorio_de_Compiladores/Compilador_C_Minus/Processador_ARM/Processador_Quase_gcd_restored/Processador.v Line: 34
    Warning (13410): Pin "seg6[1]" is stuck at GND File: /home/andre/Documentos/Laboratorio_de_Compiladores/Compilador_C_Minus/Processador_ARM/Processador_Quase_gcd_restored/Processador.v Line: 34
    Warning (13410): Pin "seg6[2]" is stuck at GND File: /home/andre/Documentos/Laboratorio_de_Compiladores/Compilador_C_Minus/Processador_ARM/Processador_Quase_gcd_restored/Processador.v Line: 34
    Warning (13410): Pin "seg6[3]" is stuck at GND File: /home/andre/Documentos/Laboratorio_de_Compiladores/Compilador_C_Minus/Processador_ARM/Processador_Quase_gcd_restored/Processador.v Line: 34
    Warning (13410): Pin "seg6[4]" is stuck at GND File: /home/andre/Documentos/Laboratorio_de_Compiladores/Compilador_C_Minus/Processador_ARM/Processador_Quase_gcd_restored/Processador.v Line: 34
    Warning (13410): Pin "seg6[5]" is stuck at GND File: /home/andre/Documentos/Laboratorio_de_Compiladores/Compilador_C_Minus/Processador_ARM/Processador_Quase_gcd_restored/Processador.v Line: 34
    Warning (13410): Pin "seg6[6]" is stuck at VCC File: /home/andre/Documentos/Laboratorio_de_Compiladores/Compilador_C_Minus/Processador_ARM/Processador_Quase_gcd_restored/Processador.v Line: 34
    Warning (13410): Pin "seg7[0]" is stuck at GND File: /home/andre/Documentos/Laboratorio_de_Compiladores/Compilador_C_Minus/Processador_ARM/Processador_Quase_gcd_restored/Processador.v Line: 34
    Warning (13410): Pin "seg7[1]" is stuck at GND File: /home/andre/Documentos/Laboratorio_de_Compiladores/Compilador_C_Minus/Processador_ARM/Processador_Quase_gcd_restored/Processador.v Line: 34
    Warning (13410): Pin "seg7[2]" is stuck at GND File: /home/andre/Documentos/Laboratorio_de_Compiladores/Compilador_C_Minus/Processador_ARM/Processador_Quase_gcd_restored/Processador.v Line: 34
    Warning (13410): Pin "seg7[3]" is stuck at GND File: /home/andre/Documentos/Laboratorio_de_Compiladores/Compilador_C_Minus/Processador_ARM/Processador_Quase_gcd_restored/Processador.v Line: 34
    Warning (13410): Pin "seg7[4]" is stuck at GND File: /home/andre/Documentos/Laboratorio_de_Compiladores/Compilador_C_Minus/Processador_ARM/Processador_Quase_gcd_restored/Processador.v Line: 34
    Warning (13410): Pin "seg7[5]" is stuck at GND File: /home/andre/Documentos/Laboratorio_de_Compiladores/Compilador_C_Minus/Processador_ARM/Processador_Quase_gcd_restored/Processador.v Line: 34
    Warning (13410): Pin "seg7[6]" is stuck at VCC File: /home/andre/Documentos/Laboratorio_de_Compiladores/Compilador_C_Minus/Processador_ARM/Processador_Quase_gcd_restored/Processador.v Line: 34
    Warning (13410): Pin "reg_display4[0]" is stuck at GND File: /home/andre/Documentos/Laboratorio_de_Compiladores/Compilador_C_Minus/Processador_ARM/Processador_Quase_gcd_restored/Processador.v Line: 33
    Warning (13410): Pin "reg_display4[1]" is stuck at GND File: /home/andre/Documentos/Laboratorio_de_Compiladores/Compilador_C_Minus/Processador_ARM/Processador_Quase_gcd_restored/Processador.v Line: 33
    Warning (13410): Pin "reg_display4[2]" is stuck at GND File: /home/andre/Documentos/Laboratorio_de_Compiladores/Compilador_C_Minus/Processador_ARM/Processador_Quase_gcd_restored/Processador.v Line: 33
    Warning (13410): Pin "reg_display4[3]" is stuck at GND File: /home/andre/Documentos/Laboratorio_de_Compiladores/Compilador_C_Minus/Processador_ARM/Processador_Quase_gcd_restored/Processador.v Line: 33
    Warning (13410): Pin "reg_display5[0]" is stuck at GND File: /home/andre/Documentos/Laboratorio_de_Compiladores/Compilador_C_Minus/Processador_ARM/Processador_Quase_gcd_restored/Processador.v Line: 33
    Warning (13410): Pin "reg_display5[1]" is stuck at GND File: /home/andre/Documentos/Laboratorio_de_Compiladores/Compilador_C_Minus/Processador_ARM/Processador_Quase_gcd_restored/Processador.v Line: 33
    Warning (13410): Pin "reg_display5[2]" is stuck at GND File: /home/andre/Documentos/Laboratorio_de_Compiladores/Compilador_C_Minus/Processador_ARM/Processador_Quase_gcd_restored/Processador.v Line: 33
    Warning (13410): Pin "reg_display5[3]" is stuck at GND File: /home/andre/Documentos/Laboratorio_de_Compiladores/Compilador_C_Minus/Processador_ARM/Processador_Quase_gcd_restored/Processador.v Line: 33
    Warning (13410): Pin "reg_display6[0]" is stuck at GND File: /home/andre/Documentos/Laboratorio_de_Compiladores/Compilador_C_Minus/Processador_ARM/Processador_Quase_gcd_restored/Processador.v Line: 33
    Warning (13410): Pin "reg_display6[1]" is stuck at GND File: /home/andre/Documentos/Laboratorio_de_Compiladores/Compilador_C_Minus/Processador_ARM/Processador_Quase_gcd_restored/Processador.v Line: 33
    Warning (13410): Pin "reg_display6[2]" is stuck at GND File: /home/andre/Documentos/Laboratorio_de_Compiladores/Compilador_C_Minus/Processador_ARM/Processador_Quase_gcd_restored/Processador.v Line: 33
    Warning (13410): Pin "reg_display6[3]" is stuck at GND File: /home/andre/Documentos/Laboratorio_de_Compiladores/Compilador_C_Minus/Processador_ARM/Processador_Quase_gcd_restored/Processador.v Line: 33
    Warning (13410): Pin "reg_display7[0]" is stuck at GND File: /home/andre/Documentos/Laboratorio_de_Compiladores/Compilador_C_Minus/Processador_ARM/Processador_Quase_gcd_restored/Processador.v Line: 33
    Warning (13410): Pin "reg_display7[1]" is stuck at GND File: /home/andre/Documentos/Laboratorio_de_Compiladores/Compilador_C_Minus/Processador_ARM/Processador_Quase_gcd_restored/Processador.v Line: 33
    Warning (13410): Pin "reg_display7[2]" is stuck at GND File: /home/andre/Documentos/Laboratorio_de_Compiladores/Compilador_C_Minus/Processador_ARM/Processador_Quase_gcd_restored/Processador.v Line: 33
    Warning (13410): Pin "reg_display7[3]" is stuck at GND File: /home/andre/Documentos/Laboratorio_de_Compiladores/Compilador_C_Minus/Processador_ARM/Processador_Quase_gcd_restored/Processador.v Line: 33
Info (286030): Timing-Driven Synthesis is running
Info (17036): Removed 1 MSB VCC or GND address nodes from RAM block "banco_de_registradores:A1|altsyncram:memoria_rtl_0|altsyncram_csg1:auto_generated|ALTSYNCRAM" File: /home/andre/Documentos/Laboratorio_de_Compiladores/Compilador_C_Minus/Processador_ARM/Processador_Quase_gcd_restored/db/altsyncram_csg1.tdf Line: 38
Info (17036): Removed 1 MSB VCC or GND address nodes from RAM block "banco_de_registradores:A1|altsyncram:memoria_rtl_1|altsyncram_csg1:auto_generated|ALTSYNCRAM" File: /home/andre/Documentos/Laboratorio_de_Compiladores/Compilador_C_Minus/Processador_ARM/Processador_Quase_gcd_restored/db/altsyncram_csg1.tdf Line: 38
Info (16010): Generating hard_block partition "hard_block:auto_generated_inst"
    Info (16011): Adding 0 node(s), including 0 DDIO, 0 PLL, 0 transceiver and 0 LCELL
Info (21057): Implemented 6344 device resources after synthesis - the final resource count might be different
    Info (21058): Implemented 20 input pins
    Info (21059): Implemented 482 output pins
    Info (21061): Implemented 5742 logic cells
    Info (21064): Implemented 94 RAM segments
    Info (21062): Implemented 6 DSP elements
Info: Quartus Prime Analysis & Synthesis was successful. 0 errors, 282 warnings
    Info: Peak virtual memory: 479 megabytes
    Info: Processing ended: Mon Aug 31 19:39:51 2026
    Info: Elapsed time: 00:00:19
    Info: Total CPU time (on all processors): 00:00:29


